author_book_count,author_avg_lexile,author_lexile_consistency,is_prolific_author,is_specialist_author,title_length,title_word_count,title_has_numbers,description_length,description_word_count,has_substantial_description,theme_count,has_friendship_theme,has_adventure_theme,has_family_theme,has_imagination_theme,has_magic_theme,has_humor_theme,has_complex_themes,reading_confidence_llm,lexile_confidence,avg_confidence,high_confidence,data_completeness_score,author_primary_category_encoded
3,450.0,0.0,0,1,15,2,0,560,88,1,4,1,0,0,0,0,0,0,0.8,0.8,0.8,1,1.0,1
3,175.0,0.0,0,1,28,7,0,130,25,1,3,0,0,0,0,0,0,0,1.0,0.8,0.9,1,1.0,2
10,217.5,128.58741082323036,1,0,16,3,0,1167,200,1,3,0,0,0,0,0,0,0,0.9,0.8,0.8500000000000001,1,1.0,2
2,175.0,0.0,0,1,8,1,0,146,30,1,3,1,0,0,0,0,0,0,1.0,0.8,0.9,1,1.0,2
2,175.0,0.0,0,1,8,1,0,135,24,1,3,1,0,0,0,0,0,1,0.9,0.8,0.8500000000000001,1,1.0,2
1,175.0,0.0,0,1,20,3,0,1279,224,1,4,1,0,0,0,0,0,1,0.9,0.6,0.75,0,1.0,4
1,175.0,0.0,0,1,35,8,0,340,65,1,3,1,0,0,1,0,0,0,0.9,0.8,0.8500000000000001,1,1.0,2
4,243.75,137.5,0,0,23,4,0,104,17,1,3,0,0,0,0,0,0,0,1.0,0.8,0.9,1,1.0,2
4,243.75,137.5,0,0,40,8,0,93,17,0,3,0,0,0,0,0,0,0,1.0,0.8,0.9,1,1.0,2
2,450.0,0.0,0,1,59,10,0,118,22,1,3,0,0,0,0,0,0,0,0.9,0.8,0.8500000000000001,1,1.0,1
1,175.0,0.0,0,1,41,7,1,237,43,1,3,0,0,0,1,0,0,0,1.0,0.8,0.9,1,1.0,2
10,175.0,0.0,1,1,54,10,1,142,26,1,3,0,1,0,0,0,0,0,0.8,0.8,0.8,1,1.0,2
2,175.0,0.0,0,1,73,13,1,179,30,1,3,0,0,0,0,0,0,0,0.9,0.8,0.8500000000000001,1,1.0,2
3,750.0,0.0,0,1,17,3,0,152,27,1,4,1,0,0,0,0,0,0,0.9,0.6,0.75,0,1.0,3
1,450.0,0.0,0,1,60,8,0,961,139,1,3,0,1,0,1,0,0,0,0.9,0.8,0.8500000000000001,1,1.0,1
10,750.0,0.0,1,1,57,9,1,1580,261,1,4,0,0,0,0,1,0,0,0.9,0.6,0.75,0,1.0,3
10,720.0,94.86832980505137,1,0,47,9,1,205,34,1,4,1,0,0,1,0,0,1,0.9,0.6,0.75,0,1.0,3
1,450.0,0.0,0,1,36,5,1,119,18,1,3,0,0,0,0,0,1,0,0.9,0.8,0.8500000000000001,1,1.0,1
5,450.0,0.0,1,1,51,9,0,811,130,1,3,0,0,0,0,0,1,0,0.9,0.8,0.8500000000000001,1,1.0,1
3,175.0,0.0,0,1,10,1,0,710,117,1,4,1,0,1,0,0,0,1,0.9,0.8,0.8500000000000001,1,1.0,2
1,175.0,0.0,0,1,21,4,0,83,17,0,3,0,0,0,0,0,0,0,0.9,0.8,0.8500000000000001,1,1.0,2
1,175.0,0.0,0,1,16,3,0,103,17,1,3,1,0,0,0,0,0,0,1.0,0.8,0.9,1,1.0,2
4,243.75,137.5,0,0,22,4,0,290,42,1,3,0,1,1,0,0,0,0,1.0,0.8,0.9,1,1.0,2
5,850.0,136.93063937629154,1,0,36,7,1,435,77,1,3,0,1,1,0,0,0,0,0.9,0.6,0.75,0,1.0,3
14,175.0,0.0,1,1,35,7,0,193,38,1,3,0,0,0,1,0,0,0,0.9,0.8,0.8500000000000001,1,1.0,2
1,750.0,0.0,0,1,21,3,0,856,144,1,3,1,1,0,0,0,0,0,0.9,0.6,0.75,0,1.0,3
6,650.0,154.91933384829667,1,0,48,9,1,791,142,1,4,0,0,1,0,0,0,0,0.9,0.8,0.8500000000000001,1,1.0,3
3,450.0,0.0,0,1,35,7,1,422,74,1,3,1,1,0,0,0,0,1,0.9,0.8,0.8500000000000001,1,1.0,1
4,750.0,0.0,0,1,25,5,1,207,38,1,3,0,0,0,0,0,0,1,0.9,0.6,0.75,0,1.0,3
1,175.0,0.0,0,1,22,4,0,83,16,0,3,0,0,0,0,0,0,1,0.9,0.8,0.8500000000000001,1,1.0,2
1,175.0,0.0,0,1,26,4,0,59,9,0,3,0,0,0,0,1,0,0,0.8,0.4,0.6000000000000001,0,1.0,4
2,750.0,0.0,0,1,20,3,0,197,32,1,4,1,0,0,1,0,0,0,0.9,0.6,0.75,0,1.0,3
4,243.75,137.5,0,0,19,3,0,58,8,0,3,0,0,0,0,0,0,0,0.9,0.8,0.8500000000000001,1,1.0,2
1,175.0,0.0,0,1,24,5,0,115,21,1,3,1,0,0,0,0,0,0,1.0,0.8,0.9,1,1.0,2
10,750.0,0.0,1,1,63,11,1,995,138,1,4,0,1,0,0,0,0,0,0.9,0.6,0.75,0,1.0,3
2,175.0,0.0,0,1,25,5,1,655,117,1,4,1,0,0,1,0,0,0,0.9,0.8,0.8500000000000001,1,1.0,2
10,217.5,128.58741082323036,1,0,22,4,0,231,42,1,3,0,0,0,0,0,0,0,0.9,0.8,0.8500000000000001,1,1.0,2
1,175.0,0.0,0,1,17,3,0,163,34,1,3,0,0,0,0,0,0,0,0.9,0.6,0.75,0,1.0,4
5,230.0,122.98373876248843,1,0,44,7,0,139,23,1,3,0,0,0,0,0,0,1,0.9,0.8,0.8500000000000001,1,1.0,2
6,175.0,0.0,1,1,13,1,0,101,18,1,3,0,0,0,0,0,0,1,0.9,0.8,0.8500000000000001,1,1.0,2
3,358.3333333333333,158.77132402714707,0,0,41,7,1,130,23,1,3,1,0,0,0,0,0,0,0.9,0.8,0.8500000000000001,1,1.0,1
4,175.0,0.0,0,1,33,6,0,151,28,1,3,0,0,0,0,0,0,0,0.9,0.8,0.8500000000000001,1,1.0,2
2,750.0,0.0,0,1,52,9,0,214,38,1,3,0,1,0,0,0,0,1,0.9,0.6,0.75,0,1.0,3
2,600.0,212.13203435596427,0,0,59,11,1,976,169,1,4,1,0,0,0,0,0,0,0.9,0.6,0.75,0,1.0,3
2,750.0,0.0,0,1,28,5,0,617,108,1,4,1,1,0,0,0,0,0,0.9,0.6,0.75,0,1.0,3
2,175.0,0.0,0,1,19,3,1,142,28,1,3,0,0,1,1,0,0,0,0.9,0.8,0.8500000000000001,1,1.0,2
5,570.0,164.31676725154983,1,0,57,8,1,159,24,1,3,1,0,0,0,0,1,0,0.9,0.8,0.8500000000000001,1,1.0,1
3,175.0,0.0,0,1,16,3,0,98,18,0,3,0,0,0,0,0,0,0,0.9,0.8,0.8500000000000001,1,1.0,2
1,175.0,0.0,0,1,19,4,0,137,27,1,3,0,1,1,0,0,0,1,0.9,0.8,0.8500000000000001,1,1.0,2
9,750.0,0.0,1,1,59,10,1,642,95,1,4,1,0,0,0,1,0,1,0.9,0.6,0.75,0,1.0,3
2,312.5,194.45436482630058,0,0,10,2,0,437,73,1,3,0,0,0,0,0,0,0,0.9,0.8,0.8500000000000001,1,1.0,1
9,750.0,0.0,1,1,58,10,1,506,67,1,4,1,0,0,0,1,0,1,0.9,0.6,0.75,0,1.0,3
1,450.0,0.0,0,1,9,2,0,512,83,1,3,1,1,0,1,0,0,0,0.9,0.8,0.8500000000000001,1,1.0,1
9,750.0,0.0,1,1,55,9,1,789,110,1,4,1,0,0,0,0,0,1,0.9,0.6,0.75,0,1.0,3
9,750.0,0.0,1,1,54,10,1,605,88,1,4,1,0,0,0,0,0,1,0.9,0.6,0.75,0,1.0,3
3,750.0,0.0,0,1,17,3,0,725,124,1,4,1,0,0,0,0,0,0,0.9,0.6,0.75,0,1.0,3
1,450.0,0.0,0,1,35,5,1,70,10,0,3,0,0,0,0,0,0,1,0.9,0.8,0.8500000000000001,1,1.0,1
4,450.0,0.0,0,1,43,6,1,281,51,1,3,1,0,0,1,0,0,0,0.9,0.8,0.8500000000000001,1,1.0,1
6,175.0,0.0,1,1,28,4,0,181,32,1,4,0,0,0,0,0,0,0,0.9,0.8,0.8500000000000001,1,1.0,2
5,570.0,164.31676725154983,1,0,17,3,1,691,118,1,4,1,0,0,0,0,0,0,0.9,0.6,0.75,0,1.0,1
2,175.0,0.0,0,1,10,2,0,75,12,0,3,1,0,0,0,0,0,0,1.0,0.8,0.9,1,1.0,2
9,750.0,0.0,1,1,60,11,1,917,108,1,4,1,0,0,0,0,0,1,0.9,0.6,0.75,0,1.0,3
9,750.0,0.0,1,1,57,9,1,1091,123,1,4,1,0,0,0,0,0,1,0.9,0.6,0.75,0,1.0,3
5,355.0,132.75918047351755,1,0,30,5,0,160,32,1,3,0,0,0,0,1,0,0,0.9,0.6,0.75,0,1.0,1
4,243.75,137.5,0,0,11,2,0,517,99,1,3,0,0,0,0,1,0,0,0.9,0.8,0.8500000000000001,1,1.0,2
2,312.5,194.45436482630058,0,0,7,2,0,103,17,1,3,0,0,0,0,0,0,0,0.9,0.8,0.8500000000000001,1,1.0,1
1,175.0,0.0,0,1,41,9,0,221,38,1,2,0,0,0,0,0,0,0,0.9,0.8,0.8500000000000001,1,1.0,2
8,525.0,290.01231500945414,1,0,8,1,0,397,72,1,4,0,0,0,1,0,0,1,0.9,0.6,0.75,0,1.0,1
4,750.0,0.0,0,1,31,5,1,405,63,1,3,0,0,1,0,0,0,0,0.8,0.6,0.7,0,1.0,3
4,750.0,0.0,0,1,16,3,0,541,94,1,4,1,0,0,0,0,0,1,0.9,0.6,0.75,0,1.0,3
6,650.0,154.91933384829667,1,0,46,8,1,824,127,1,4,0,0,1,0,0,0,0,0.9,0.6,0.75,0,1.0,3
1,750.0,0.0,0,1,35,5,1,138,25,1,3,0,0,0,0,0,0,1,0.9,0.6,0.75,0,1.0,3
2,600.0,212.13203435596427,0,0,33,5,1,193,32,1,3,0,1,0,1,0,0,1,0.9,0.8,0.8500000000000001,1,1.0,1
6,154.16666666666666,51.031036307982866,1,0,21,5,0,122,23,1,3,0,0,0,0,0,0,0,0.9,0.8,0.8500000000000001,1,1.0,2
2,600.0,212.13203435596427,0,0,21,3,0,171,30,1,3,1,0,0,0,0,0,0,0.9,0.6,0.75,0,1.0,3
1,750.0,0.0,0,1,22,5,0,67,2,0,3,1,0,0,0,0,0,0,0.9,0.6,0.75,0,1.0,4
8,175.0,0.0,1,1,17,3,0,115,20,1,3,0,0,0,0,0,0,0,0.9,0.8,0.8500000000000001,1,1.0,2
3,175.0,0.0,0,1,34,6,0,203,37,1,3,0,0,0,0,0,0,0,0.9,0.8,0.8500000000000001,1,1.0,2
1,750.0,0.0,0,1,35,5,1,877,142,1,4,1,1,0,0,0,0,1,0.9,0.6,0.75,0,1.0,3
1,175.0,0.0,0,1,24,5,0,137,25,1,3,0,0,0,0,0,0,0,0.9,0.8,0.8500000000000001,1,1.0,2
1,450.0,0.0,0,1,31,5,1,197,30,1,4,1,1,0,1,1,0,0,0.9,0.8,0.8500000000000001,1,1.0,1
1,750.0,0.0,0,1,24,5,0,219,29,1,3,1,0,0,0,0,0,1,0.9,0.6,0.75,0,0.6666666666666666,3
11,706.8181818181819,178.91719770990053,1,0,54,9,1,250,43,1,3,0,0,1,0,0,0,0,0.9,0.6,0.75,0,1.0,3
1,450.0,0.0,0,1,19,3,1,547,91,1,3,1,0,1,0,0,0,0,0.9,0.8,0.8500000000000001,1,1.0,1
4,287.5,136.16778865306827,0,0,25,5,0,108,21,1,3,0,0,0,0,0,0,0,0.9,0.8,0.8500000000000001,1,1.0,2
1,175.0,0.0,0,1,15,2,0,225,38,1,3,0,0,0,1,0,0,0,0.9,0.8,0.8500000000000001,1,1.0,2
3,450.0,0.0,0,1,13,2,0,503,87,1,3,1,1,0,0,0,0,1,0.9,0.8,0.8500000000000001,1,1.0,1
2,175.0,0.0,0,1,26,6,0,2967,477,1,3,0,0,0,0,0,0,0,0.9,0.8,0.8500000000000001,1,1.0,2
1,450.0,0.0,0,1,17,3,0,814,134,1,3,1,0,0,0,0,0,0,0.9,0.8,0.8500000000000001,1,1.0,1
1,1000.0,0.0,0,1,21,4,0,1324,211,1,4,0,0,1,0,0,0,0,1.0,0.4,0.7,0,1.0,0
2,750.0,0.0,0,1,15,3,0,324,59,1,3,1,0,0,0,0,0,0,0.9,0.6,0.75,0,1.0,3
2,175.0,0.0,0,1,26,6,0,143,23,1,3,0,1,0,0,0,0,0,0.9,0.8,0.8500000000000001,1,1.0,2
7,257.14285714285717,217.32957198030564,1,0,32,6,0,137,25,1,3,0,0,1,0,0,0,0,0.9,0.8,0.8500000000000001,1,1.0,2
5,230.0,122.98373876248843,1,0,10,2,0,123,23,1,3,0,0,0,0,0,0,0,1.0,0.8,0.9,1,1.0,2
3,175.0,0.0,0,1,28,7,0,89,19,0,3,0,0,0,0,0,0,0,0.9,0.8,0.8500000000000001,1,1.0,2
1,450.0,0.0,0,1,26,5,0,162,29,1,3,1,0,0,0,0,1,0,0.9,0.8,0.8500000000000001,1,1.0,1
14,750.0,0.0,1,1,57,9,1,473,87,1,4,1,1,0,0,0,0,1,0.9,0.6,0.75,0,1.0,3
1,750.0,0.0,0,1,27,5,0,420,74,1,4,0,0,0,0,0,0,1,0.9,0.6,0.75,0,1.0,3
1,175.0,0.0,0,1,48,7,1,374,68,1,3,0,0,0,0,0,0,0,0.9,0.8,0.8500000000000001,1,1.0,2
3,450.0,0.0,0,1,19,3,0,925,172,1,3,1,0,0,0,0,0,0,0.9,0.8,0.8500000000000001,1,1.0,1
4,287.5,136.16778865306827,0,0,19,3,0,98,19,0,3,0,0,0,0,0,0,0,0.9,0.8,0.8500000000000001,1,1.0,2
4,525.0,150.0,0,0,16,1,0,109,20,1,3,1,0,0,0,0,0,1,0.9,0.8,0.8500000000000001,1,1.0,1
3,175.0,0.0,0,1,27,7,0,162,32,1,3,1,0,0,1,0,0,0,0.9,0.8,0.8500000000000001,1,1.0,2
10,175.0,0.0,1,1,38,8,0,50,10,0,3,0,0,0,0,0,0,0,0.9,0.8,0.8500000000000001,1,0.6666666666666666,2
1,750.0,0.0,0,1,31,5,0,57,10,0,4,0,1,0,0,0,0,0,0.9,0.6,0.75,0,1.0,3
1,750.0,0.0,0,1,20,4,0,307,48,1,4,0,1,1,0,0,1,0,0.9,0.6,0.75,0,1.0,3
1,450.0,0.0,0,1,13,2,0,255,48,1,3,0,0,0,0,0,0,0,0.9,0.8,0.8500000000000001,1,1.0,1
7,175.0,0.0,1,1,39,7,0,97,17,0,3,0,0,1,0,0,0,0,0.9,0.8,0.8500000000000001,1,1.0,2
10,720.0,94.86832980505137,1,0,42,8,1,412,75,1,4,1,1,0,0,0,0,0,0.8,0.6,0.7,0,1.0,3
1,175.0,0.0,0,1,6,1,0,299,52,1,3,1,0,0,0,0,0,0,0.9,0.8,0.8500000000000001,1,1.0,2
1,175.0,0.0,0,1,15,2,0,121,20,1,3,0,1,0,1,0,0,1,1.0,0.8,0.9,1,1.0,2
1,450.0,0.0,0,1,25,4,0,117,21,1,3,0,0,0,0,0,0,0,0.9,0.8,0.8500000000000001,1,1.0,1
10,750.0,0.0,1,1,48,7,1,534,89,1,3,0,1,0,0,1,0,0,0.9,0.6,0.75,0,1.0,3
1,750.0,0.0,0,1,27,5,0,695,124,1,4,1,0,0,0,0,0,0,0.9,0.6,0.75,0,1.0,3
7,257.14285714285717,217.32957198030564,1,0,8,2,0,109,22,1,3,0,0,1,0,0,0,0,0.9,0.8,0.8500000000000001,1,1.0,2
1,750.0,0.0,0,1,36,6,0,565,94,1,4,0,0,0,0,0,0,1,0.9,0.6,0.75,0,1.0,3
3,650.0,173.20508075688772,0,0,30,5,1,701,129,1,3,1,0,0,0,0,0,0,0.9,0.6,0.75,0,1.0,3
1,175.0,0.0,0,1,38,7,0,109,23,1,3,0,0,0,0,0,0,0,0.9,0.8,0.8500000000000001,1,1.0,2
3,383.3333333333333,115.47005383792515,0,0,61,8,1,210,35,1,3,1,0,0,1,0,1,0,0.9,0.8,0.8500000000000001,1,1.0,1
2,450.0,0.0,0,1,22,4,0,96,18,0,3,0,0,1,0,0,0,0,0.9,0.8,0.8500000000000001,1,1.0,1
2,600.0,212.13203435596427,0,0,26,5,0,290,43,1,3,0,0,1,1,0,0,0,0.8,0.8,0.8,1,1.0,1
1,175.0,0.0,0,1,21,5,0,74,13,0,3,0,0,1,0,0,0,0,0.9,0.8,0.8500000000000001,1,1.0,2
6,650.0,154.91933384829667,1,0,34,6,1,170,30,1,3,0,0,1,0,0,0,0,0.9,0.6,0.75,0,1.0,3
3,233.33333333333334,101.0362971081845,0,0,40,8,1,121,20,1,3,1,0,0,0,0,0,0,0.9,0.8,0.8500000000000001,1,1.0,2
5,570.0,164.31676725154983,1,0,51,8,1,875,149,1,3,1,1,0,0,0,1,0,0.9,0.8,0.8500000000000001,1,1.0,1
1,450.0,0.0,0,1,48,9,1,391,75,1,4,0,1,0,0,0,0,0,0.9,0.8,0.8500000000000001,1,1.0,1
1,750.0,0.0,0,1,16,3,0,985,164,1,3,0,0,0,0,0,0,0,0.9,0.6,0.75,0,1.0,3
4,525.0,150.0,0,0,15,3,0,143,26,1,3,0,0,0,1,0,0,0,0.9,0.8,0.8500000000000001,1,1.0,1
3,175.0,0.0,0,1,6,1,0,563,100,1,3,1,0,0,0,0,0,0,0.9,0.6,0.75,0,1.0,2
2,350.0,141.4213562373095,0,0,52,9,1,132,25,1,3,0,0,0,1,0,0,0,0.9,0.6,0.75,0,1.0,1
1,175.0,0.0,0,1,11,2,0,124,24,1,3,1,1,0,1,0,0,0,1.0,0.8,0.9,1,1.0,2
3,450.0,0.0,0,1,23,5,0,507,92,1,4,1,0,0,0,0,0,0,0.9,0.8,0.8500000000000001,1,1.0,1
1,175.0,0.0,0,1,14,3,0,153,31,1,3,1,0,0,0,0,0,0,0.9,0.8,0.8500000000000001,1,1.0,2
3,266.6666666666667,158.77132402714707,0,0,46,7,1,1826,162,1,3,1,1,0,1,0,0,0,0.9,0.8,0.8500000000000001,1,1.0,2
5,175.0,0.0,1,1,41,6,0,105,20,1,3,1,1,0,0,0,0,0,0.9,0.8,0.8500000000000001,1,1.0,2
8,175.0,0.0,1,1,29,5,0,102,19,1,4,0,0,0,1,0,0,0,0.9,0.8,0.8500000000000001,1,1.0,2
3,266.6666666666667,158.77132402714707,0,0,8,1,0,121,19,1,3,0,0,0,1,0,0,0,0.9,0.8,0.8500000000000001,1,1.0,2
1,175.0,0.0,0,1,10,2,0,91,19,0,3,0,0,1,0,0,0,0,0.9,0.8,0.8500000000000001,1,1.0,2
3,175.0,0.0,0,1,20,4,0,124,21,1,3,0,0,0,1,0,0,0,0.9,0.8,0.8500000000000001,1,1.0,2
1,175.0,0.0,0,1,55,9,0,93,16,0,3,0,0,0,0,0,0,0,0.9,0.8,0.8500000000000001,1,1.0,2
1,175.0,0.0,0,1,8,1,0,147,26,1,3,1,1,0,1,0,0,0,1.0,0.8,0.9,1,1.0,2
1,750.0,0.0,0,1,14,2,0,274,44,1,4,0,0,0,0,0,0,0,0.9,0.6,0.75,0,1.0,3
2,175.0,0.0,0,1,21,3,0,821,147,1,3,1,0,0,0,0,0,1,1.0,0.8,0.9,1,1.0,2
1,450.0,0.0,0,1,43,7,1,186,33,1,3,1,1,0,0,0,0,0,0.9,0.8,0.8500000000000001,1,1.0,1
4,525.0,150.0,0,0,16,3,0,159,26,1,3,0,1,0,0,0,0,1,0.9,0.6,0.75,0,1.0,1
7,225.0,85.39125638299666,1,0,43,9,1,244,41,1,4,1,0,0,0,0,0,0,0.9,0.6,0.75,0,1.0,2
10,175.0,0.0,1,1,18,5,0,65,13,0,3,0,1,1,0,0,0,0,0.9,0.8,0.8500000000000001,1,1.0,2
1,450.0,0.0,0,1,14,2,0,149,26,1,3,0,0,0,0,0,0,0,0.9,0.8,0.8500000000000001,1,1.0,1
1,750.0,0.0,0,1,19,3,1,513,98,1,4,1,0,0,0,0,0,1,0.9,0.6,0.75,0,1.0,3
14,175.0,0.0,1,1,34,7,0,168,33,1,3,0,0,0,0,0,0,0,0.9,0.8,0.8500000000000001,1,1.0,2
2,750.0,0.0,0,1,32,7,0,469,78,1,4,1,0,1,0,0,0,1,0.9,0.6,0.75,0,1.0,3
2,175.0,0.0,0,1,9,3,0,56,12,0,3,0,0,0,1,0,0,0,0.9,0.8,0.8500000000000001,1,1.0,2
4,262.5,129.9038105676658,0,0,7,1,0,89,15,0,3,0,0,0,0,0,0,0,1.0,0.8,0.9,1,1.0,2
1,175.0,0.0,0,1,43,8,0,68,12,0,3,0,0,0,0,0,0,0,0.9,0.8,0.8500000000000001,1,1.0,2
4,175.0,0.0,0,1,15,4,0,137,28,1,3,0,0,0,0,0,0,1,0.9,0.8,0.8500000000000001,1,1.0,2
8,525.0,290.01231500945414,1,0,23,5,0,155,28,1,3,0,0,0,1,0,0,0,0.9,0.8,0.8500000000000001,1,1.0,1
1,750.0,0.0,0,1,60,11,1,70,13,0,3,0,0,0,0,0,0,0,0.9,0.6,0.75,0,1.0,3
5,450.0,0.0,1,1,7,1,0,170,28,1,3,0,1,0,1,0,0,0,0.9,0.8,0.8500000000000001,1,1.0,1
2,600.0,212.13203435596427,0,0,39,6,0,553,103,1,3,0,0,0,0,0,0,0,0.9,0.8,0.8500000000000001,1,1.0,3
1,175.0,0.0,0,1,51,9,1,104,20,1,3,1,1,0,1,0,0,0,0.9,0.8,0.8500000000000001,1,1.0,2
3,358.3333333333333,158.77132402714707,0,0,37,7,1,91,20,0,3,1,0,0,0,0,0,0,0.9,0.8,0.8500000000000001,1,1.0,1
1,450.0,0.0,0,1,11,2,0,140,26,1,3,0,0,0,0,0,0,0,0.9,0.8,0.8500000000000001,1,1.0,1
1,175.0,0.0,0,1,25,6,0,129,24,1,3,0,0,0,1,0,0,0,0.9,0.8,0.8500000000000001,1,1.0,2
1,750.0,0.0,0,1,19,3,1,668,116,1,3,0,0,0,0,0,0,1,0.9,0.6,0.75,0,1.0,3
5,230.0,122.98373876248843,1,0,14,4,0,102,21,1,3,1,0,0,1,0,0,0,0.9,0.8,0.8500000000000001,1,1.0,2
2,750.0,0.0,0,1,26,4,1,435,73,1,3,0,0,0,0,0,0,0,0.9,0.6,0.75,0,1.0,3
1,175.0,0.0,0,1,35,7,1,80,16,0,3,1,0,0,1,0,0,0,0.9,0.8,0.8500000000000001,1,1.0,2
3,266.6666666666667,158.77132402714707,0,0,17,3,0,231,40,1,3,0,0,0,0,0,0,0,0.9,0.8,0.8500000000000001,1,1.0,2
2,312.5,194.45436482630058,0,0,15,2,0,123,21,1,3,1,1,1,0,0,0,0,1.0,0.8,0.9,1,1.0,1
1,175.0,0.0,0,1,17,5,0,75,14,0,3,0,0,0,0,0,0,1,1.0,0.8,0.9,1,1.0,2
4,175.0,0.0,0,1,12,3,0,105,17,1,3,0,0,0,0,0,0,0,0.9,0.8,0.8500000000000001,1,1.0,2
1,175.0,0.0,0,1,21,4,0,255,45,1,4,0,0,1,0,0,0,1,0.9,0.8,0.8500000000000001,1,1.0,2
1,750.0,0.0,0,1,39,6,0,176,27,1,3,0,1,0,0,0,0,1,0.9,0.6,0.75,0,1.0,3
10,750.0,0.0,1,1,42,7,1,1297,208,1,4,1,0,0,0,0,0,1,0.9,0.6,0.75,0,1.0,3
1,175.0,0.0,0,1,17,3,0,110,19,1,3,0,0,0,0,0,0,1,1.0,0.8,0.9,1,1.0,2
4,750.0,0.0,0,1,49,9,1,701,125,1,3,0,1,0,0,0,0,0,0.9,0.6,0.75,0,1.0,3
10,750.0,0.0,1,1,57,10,1,253,46,1,4,1,1,0,0,0,0,1,0.9,0.6,0.75,0,1.0,3
2,312.5,194.45436482630058,0,0,3,1,0,100,18,0,3,0,0,0,0,0,0,0,0.9,0.8,0.8500000000000001,1,1.0,1
3,650.0,173.20508075688772,0,0,47,8,1,250,44,1,4,0,0,0,0,1,0,0,0.9,0.6,0.75,0,1.0,3
8,175.0,0.0,1,1,18,4,0,113,23,1,3,0,0,0,0,0,0,1,0.9,0.8,0.8500000000000001,1,1.0,2
3,175.0,0.0,0,1,29,7,0,56,12,0,3,1,0,0,0,0,0,0,1.0,0.8,0.9,1,1.0,2
4,262.5,129.9038105676658,0,0,7,1,0,148,26,1,3,0,0,0,1,0,0,0,0.9,0.8,0.8500000000000001,1,1.0,2
10,175.0,0.0,1,1,44,9,0,111,20,1,3,0,0,1,0,0,0,0,0.9,0.8,0.8500000000000001,1,1.0,2
1,750.0,0.0,0,1,41,8,1,1456,254,1,4,0,0,1,0,0,0,0,0.9,0.6,0.75,0,1.0,3
2,750.0,0.0,0,1,69,9,1,744,124,1,4,1,1,0,0,0,0,0,0.9,0.6,0.75,0,1.0,3
1,750.0,0.0,0,1,16,2,0,178,29,1,4,1,0,1,0,0,0,0,0.9,0.6,0.75,0,1.0,3
4,750.0,0.0,0,1,24,5,1,225,40,1,4,1,1,0,1,0,0,0,0.9,0.6,0.75,0,1.0,3
1,750.0,0.0,0,1,39,7,1,638,109,1,4,0,0,0,0,0,0,0,0.9,0.6,0.75,0,1.0,3
5,630.0,164.31676725154983,1,0,31,6,1,688,125,1,4,0,1,1,1,1,0,0,0.9,0.6,0.75,0,1.0,3
2,750.0,0.0,0,1,37,8,1,571,102,1,4,1,1,0,0,0,0,0,0.9,0.6,0.75,0,1.0,3
1,175.0,0.0,0,1,20,3,0,121,23,1,3,0,0,0,0,0,0,0,0.9,0.8,0.8500000000000001,1,1.0,2
2,312.5,194.45436482630058,0,0,41,6,1,2813,476,1,3,1,1,1,0,0,0,0,0.9,0.8,0.8500000000000001,1,1.0,1
2,175.0,0.0,0,1,14,2,0,193,36,1,3,1,0,0,0,0,0,0,0.9,0.8,0.8500000000000001,1,1.0,2
2,175.0,0.0,0,1,20,4,0,73,13,0,3,0,0,0,0,0,0,0,0.9,0.6,0.75,0,1.0,2
14,175.0,0.0,1,1,42,9,1,528,85,1,4,1,0,0,1,0,0,0,0.9,0.8,0.8500000000000001,1,1.0,2
6,175.0,0.0,1,1,17,4,0,600,110,1,3,1,0,0,0,0,0,0,0.9,0.8,0.8500000000000001,1,1.0,2
10,175.0,0.0,1,1,38,7,0,112,20,1,3,0,0,1,0,0,0,0,0.9,0.8,0.8500000000000001,1,1.0,2
1,450.0,0.0,0,1,25,4,0,107,15,1,3,0,0,0,0,0,0,0,0.9,0.8,0.8500000000000001,1,1.0,1
3,175.0,0.0,0,1,15,3,0,87,15,0,3,0,0,0,0,0,0,0,0.9,0.8,0.8500000000000001,1,1.0,2
4,750.0,0.0,0,1,43,9,1,198,38,1,3,0,0,0,0,1,0,0,0.9,0.6,0.75,0,1.0,3
1,450.0,0.0,0,1,21,3,0,155,28,1,4,0,0,0,0,0,0,0,0.9,0.8,0.8500000000000001,1,1.0,1
5,450.0,0.0,1,1,31,5,0,145,28,1,3,0,0,0,1,0,0,0,0.9,0.8,0.8500000000000001,1,1.0,1
4,450.0,0.0,0,1,51,7,1,227,26,1,4,1,0,1,0,1,0,0,0.9,0.8,0.8500000000000001,1,1.0,1
2,750.0,0.0,0,1,58,9,1,635,107,1,4,1,1,0,0,0,0,1,0.9,0.6,0.75,0,1.0,3
4,175.0,0.0,0,1,21,3,0,162,27,1,3,0,0,0,0,0,1,0,0.9,0.8,0.8500000000000001,1,1.0,2
1,175.0,0.0,0,1,22,4,0,586,99,1,4,0,0,1,0,0,0,0,0.9,0.8,0.8500000000000001,1,1.0,2
4,750.0,0.0,0,1,46,9,1,479,90,1,3,0,1,1,0,0,0,0,0.9,0.6,0.75,0,1.0,3
7,175.0,0.0,1,1,18,4,0,121,21,1,3,0,1,0,0,0,0,0,0.9,0.8,0.8500000000000001,1,1.0,2
2,750.0,0.0,0,1,38,7,1,247,38,1,3,0,1,0,0,0,0,0,0.9,0.6,0.75,0,1.0,3
1,750.0,0.0,0,1,19,4,0,174,23,1,3,0,0,0,0,0,0,0,0.9,0.6,0.75,0,1.0,3
2,350.0,141.4213562373095,0,0,64,10,1,107,16,1,3,0,0,0,1,0,1,0,0.9,0.8,0.8500000000000001,1,1.0,1
3,550.0,173.20508075688772,0,0,47,4,1,264,42,1,4,0,0,1,0,0,0,0,0.9,0.8,0.8500000000000001,1,1.0,1
4,175.0,0.0,0,1,33,4,0,98,19,0,4,1,0,0,0,0,0,0,0.9,0.8,0.8500000000000001,1,1.0,2
3,650.0,173.20508075688772,0,0,39,5,1,28,4,0,3,1,0,0,0,0,0,0,0.9,0.6,0.75,0,0.6666666666666666,3
2,450.0,0.0,0,1,52,8,1,215,33,1,3,1,1,0,0,0,0,1,0.9,0.8,0.8500000000000001,1,1.0,1
7,175.0,0.0,1,1,37,6,0,159,28,1,3,1,0,0,0,0,0,0,0.9,0.8,0.8500000000000001,1,1.0,2
10,720.0,94.86832980505137,1,0,45,9,1,484,84,1,4,1,0,0,0,0,0,0,0.9,0.6,0.75,0,1.0,3
7,175.0,0.0,1,1,32,6,0,124,21,1,4,0,0,1,0,0,0,0,0.9,0.8,0.8500000000000001,1,1.0,2
1,175.0,0.0,0,1,13,4,0,82,20,0,3,1,0,0,0,0,0,0,0.9,0.8,0.8500000000000001,1,1.0,2
2,175.0,0.0,0,1,7,2,0,166,32,1,3,1,0,0,1,0,1,0,0.9,0.8,0.8500000000000001,1,1.0,2
8,175.0,0.0,1,1,11,2,0,105,18,1,3,1,1,0,0,0,0,0,0.9,0.8,0.8500000000000001,1,1.0,2
8,175.0,0.0,1,1,7,1,0,91,16,0,3,0,0,0,0,0,0,0,0.9,0.8,0.8500000000000001,1,1.0,2
14,175.0,0.0,1,1,27,6,0,84,17,0,3,1,0,0,0,0,0,0,0.9,0.8,0.8500000000000001,1,1.0,2
10,175.0,0.0,1,1,71,12,0,126,23,1,3,0,0,0,1,0,0,0,0.9,0.8,0.8500000000000001,1,1.0,2
1,450.0,0.0,0,1,50,8,1,128,21,1,4,0,0,1,0,0,1,0,0.9,0.8,0.8500000000000001,1,1.0,1
3,175.0,0.0,0,1,33,8,0,161,28,1,3,0,0,0,1,0,0,0,0.9,0.8,0.8500000000000001,1,1.0,2
2,750.0,0.0,0,1,47,7,1,218,38,1,3,0,0,0,0,0,0,0,0.8,0.6,0.7,0,1.0,3
10,750.0,0.0,1,1,43,7,1,60,11,0,3,1,1,0,0,0,0,0,0.9,0.6,0.75,0,1.0,3
2,175.0,0.0,0,1,5,1,0,121,21,1,3,0,0,0,0,0,0,0,0.9,0.8,0.8500000000000001,1,1.0,2
7,175.0,0.0,1,1,36,6,0,241,46,1,3,0,0,1,0,0,0,0,0.9,0.8,0.8500000000000001,1,1.0,2
2,875.0,176.7766952966369,0,0,12,2,0,374,68,1,4,1,0,0,0,0,0,0,0.9,0.6,0.75,0,1.0,3
5,850.0,136.93063937629154,1,0,43,7,1,852,146,1,4,0,0,1,0,0,0,1,0.9,0.6,0.75,0,1.0,3
1,175.0,0.0,0,1,24,5,0,117,23,1,3,0,0,0,0,0,0,0,0.9,0.8,0.8500000000000001,1,1.0,2
2,750.0,0.0,0,1,54,9,1,751,124,1,3,1,1,0,0,0,0,0,0.9,0.6,0.75,0,1.0,3
6,154.16666666666666,51.031036307982866,1,0,19,4,0,101,15,1,3,0,0,0,0,0,1,0,1.0,0.8,0.9,1,1.0,2
1,175.0,0.0,0,1,13,3,0,52,8,0,4,0,0,0,0,0,0,1,0.9,0.8,0.8500000000000001,1,1.0,2
4,262.5,129.9038105676658,0,0,8,2,1,324,59,1,3,1,0,0,1,0,0,0,0.9,0.6,0.75,0,1.0,2
1,175.0,0.0,0,1,24,4,0,133,26,1,3,1,0,0,0,0,0,0,0.9,0.8,0.8500000000000001,1,1.0,2
3,916.6666666666666,144.33756729740645,0,0,36,6,1,1139,198,1,4,0,0,0,0,0,0,1,0.9,0.4,0.65,0,1.0,0
1,750.0,0.0,0,1,21,3,0,162,30,1,3,1,0,0,1,0,0,0,0.9,0.6,0.75,0,1.0,3
10,175.0,0.0,1,1,54,11,1,103,17,1,3,0,0,0,0,0,0,0,0.9,0.8,0.8500000000000001,1,1.0,2
6,650.0,154.91933384829667,1,0,45,9,1,159,28,1,4,0,0,1,0,0,0,0,0.9,0.6,0.75,0,1.0,3
7,621.4285714285714,160.35674514745463,1,0,45,8,1,75,15,0,3,1,0,0,1,1,0,0,0.9,0.8,0.8500000000000001,1,1.0,3
1,175.0,0.0,0,1,5,1,0,179,32,1,3,1,0,0,0,0,0,1,0.9,0.8,0.8500000000000001,1,1.0,2
2,312.5,194.45436482630058,0,0,31,5,0,129,23,1,3,1,0,0,0,0,0,0,0.9,0.8,0.8500000000000001,1,1.0,1
5,450.0,0.0,1,1,17,3,0,144,24,1,4,0,0,1,0,0,0,0,0.9,0.8,0.8500000000000001,1,1.0,1
1,450.0,0.0,0,1,14,2,0,151,25,1,3,0,0,0,0,0,0,0,0.9,0.8,0.8500000000000001,1,1.0,1
2,175.0,0.0,0,1,22,3,0,182,30,1,3,0,0,0,0,0,0,0,0.9,0.8,0.8500000000000001,1,1.0,2
1,750.0,0.0,0,1,23,3,0,432,83,1,3,0,1,0,0,0,0,0,0.9,0.6,0.75,0,1.0,3
3,650.0,173.20508075688772,0,0,20,3,0,456,82,1,4,1,1,1,0,0,0,0,0.9,0.8,0.8500000000000001,1,1.0,3
2,750.0,0.0,0,1,22,4,0,218,33,1,4,1,0,0,0,0,0,1,0.9,0.6,0.75,0,1.0,3
1,450.0,0.0,0,1,35,6,0,603,92,1,3,0,0,0,1,0,0,0,0.9,0.8,0.8500000000000001,1,1.0,1
4,175.0,0.0,0,1,12,2,0,152,27,1,4,1,1,0,0,1,0,0,0.9,0.8,0.8500000000000001,1,1.0,2
1,250.0,0.0,0,1,16,3,0,1043,180,1,4,0,0,0,0,0,0,0,0.9,0.6,0.75,0,1.0,4
4,525.0,150.0,0,0,33,6,1,159,26,1,4,1,0,0,0,0,0,1,0.9,0.8,0.8500000000000001,1,1.0,1
1,450.0,0.0,0,1,11,2,0,105,15,1,3,0,0,1,0,0,0,0,0.9,0.8,0.8500000000000001,1,1.0,1
2,450.0,0.0,0,1,27,5,0,124,22,1,3,1,0,0,1,0,0,0,0.9,0.8,0.8500000000000001,1,1.0,1
7,175.0,0.0,1,1,42,6,0,115,20,1,4,0,0,0,0,0,0,0,0.9,0.8,0.8500000000000001,1,1.0,2
1,1000.0,0.0,0,1,8,2,0,1760,298,1,4,1,0,0,0,0,0,1,0.9,0.4,0.65,0,1.0,0
3,650.0,173.20508075688772,0,0,69,11,1,112,19,1,3,1,1,0,1,0,0,0,0.9,0.8,0.8500000000000001,1,1.0,3
2,175.0,0.0,0,1,39,4,0,177,33,1,3,0,0,0,0,0,0,0,0.9,0.8,0.8500000000000001,1,1.0,2
2,750.0,0.0,0,1,45,9,1,769,139,1,4,0,0,0,0,0,0,1,0.9,0.6,0.75,0,1.0,3
2,750.0,0.0,0,1,24,5,1,292,56,1,3,0,0,0,0,0,0,0,0.9,0.6,0.75,0,1.0,3
4,387.5,274.24137786507225,0,0,16,3,0,167,31,1,3,1,0,0,0,0,0,1,0.9,0.8,0.8500000000000001,1,1.0,1
1,750.0,0.0,0,1,43,7,1,1698,311,1,3,1,1,0,0,0,0,0,0.9,0.6,0.75,0,1.0,3
10,175.0,0.0,1,1,84,14,1,94,18,0,3,1,1,1,0,0,0,0,0.9,0.8,0.8500000000000001,1,1.0,2
1,175.0,0.0,0,1,21,5,0,136,23,1,3,1,1,0,1,0,0,0,0.9,0.8,0.8500000000000001,1,1.0,2
4,262.5,129.9038105676658,0,0,14,3,0,147,29,1,3,1,1,0,1,0,0,0,0.9,0.8,0.8500000000000001,1,1.0,2
10,217.5,128.58741082323036,1,0,16,2,0,99,17,0,3,0,0,0,0,0,0,0,1.0,0.8,0.9,1,1.0,2
1,750.0,0.0,0,1,55,8,1,801,141,1,4,0,1,0,0,0,0,0,0.9,0.6,0.75,0,1.0,3
9,750.0,0.0,1,1,51,9,1,390,59,1,4,0,0,0,0,1,0,0,0.9,0.6,0.75,0,1.0,3
5,750.0,0.0,1,1,47,11,1,329,55,1,3,1,0,0,0,0,1,0,0.9,0.6,0.75,0,1.0,3
3,266.6666666666667,158.77132402714707,0,0,45,7,1,127,22,1,3,0,0,0,1,0,0,0,0.9,0.8,0.8500000000000001,1,1.0,2
7,621.4285714285714,160.35674514745463,1,0,41,7,1,91,14,0,3,1,1,0,1,0,0,0,0.9,0.8,0.8500000000000001,1,1.0,3
2,175.0,0.0,0,1,20,4,0,125,23,1,3,0,0,0,0,0,0,0,0.9,0.8,0.8500000000000001,1,1.0,2
10,217.5,128.58741082323036,1,0,8,1,0,208,37,1,3,0,0,1,0,0,0,0,0.9,0.8,0.8500000000000001,1,1.0,2
5,355.0,132.75918047351755,1,0,14,3,0,158,31,1,4,0,0,0,0,0,0,0,0.9,0.8,0.8500000000000001,1,1.0,1
4,243.75,137.5,0,0,11,3,0,214,38,1,3,0,0,0,0,0,0,1,0.9,0.8,0.8500000000000001,1,1.0,2
6,175.0,0.0,1,1,4,1,0,171,31,1,3,0,0,1,0,0,0,0,0.9,0.8,0.8500000000000001,1,1.0,2
1,175.0,0.0,0,1,11,3,0,935,161,1,3,0,0,0,0,0,0,0,0.9,0.8,0.8500000000000001,1,1.0,2
1,750.0,0.0,0,1,17,3,0,395,63,1,4,0,0,0,0,0,0,0,0.9,0.6,0.75,0,1.0,3
2,175.0,0.0,0,1,17,2,0,135,24,1,3,1,0,0,0,0,0,1,0.9,0.8,0.8500000000000001,1,1.0,2
2,175.0,0.0,0,1,14,3,0,112,18,1,3,0,0,0,0,0,0,1,0.9,0.8,0.8500000000000001,1,1.0,2
4,750.0,0.0,0,1,45,8,1,195,35,1,3,0,0,0,0,0,0,0,0.9,0.6,0.75,0,1.0,3
6,154.16666666666666,51.031036307982866,1,0,18,3,0,72,13,0,3,1,0,0,0,0,0,0,0.9,0.8,0.8500000000000001,1,1.0,2
2,600.0,212.13203435596427,0,0,15,2,0,557,88,1,3,0,1,0,0,0,0,0,0.8,0.6,0.7,0,1.0,1
8,525.0,290.01231500945414,1,0,41,9,0,640,110,1,3,1,1,1,0,0,0,0,0.9,0.8,0.8500000000000001,1,1.0,1
5,630.0,164.31676725154983,1,0,36,7,1,347,60,1,3,0,0,1,0,1,0,0,0.9,0.6,0.75,0,1.0,3
2,600.0,212.13203435596427,0,0,22,3,0,282,50,1,4,1,1,0,0,1,0,0,0.9,0.6,0.75,0,1.0,1
5,630.0,164.31676725154983,1,0,38,8,1,404,69,1,4,1,1,0,1,1,0,0,0.9,0.8,0.8500000000000001,1,1.0,3
1,450.0,0.0,0,1,30,6,0,113,23,1,3,0,0,0,0,0,0,1,0.9,0.8,0.8500000000000001,1,1.0,1
5,230.0,122.98373876248843,1,0,20,4,0,155,27,1,3,0,0,0,0,0,0,0,1.0,0.8,0.9,1,1.0,2
1,175.0,0.0,0,1,17,2,0,213,38,1,3,0,0,1,0,0,0,0,0.9,0.8,0.8500000000000001,1,1.0,2
1,750.0,0.0,0,1,18,3,0,179,31,1,4,0,0,1,0,0,0,0,0.9,0.6,0.75,0,1.0,3
1,450.0,0.0,0,1,19,4,0,27,6,0,3,1,0,0,1,0,0,0,0.9,0.8,0.8500000000000001,1,0.6666666666666666,1
5,355.0,132.75918047351755,1,0,14,3,0,138,25,1,3,0,0,1,1,0,0,0,0.9,0.8,0.8500000000000001,1,1.0,1
1,450.0,0.0,0,1,8,1,0,171,33,1,3,0,0,0,0,0,0,0,0.9,0.8,0.8500000000000001,1,1.0,1
3,175.0,0.0,0,1,21,5,0,74,13,0,3,0,0,0,0,0,0,0,1.0,0.8,0.9,1,1.0,2
3,916.6666666666666,144.33756729740645,0,0,48,6,1,227,34,1,3,0,1,1,0,0,0,0,0.9,0.6,0.75,0,1.0,0
2,175.0,0.0,0,1,11,2,0,87,17,0,3,0,0,1,1,0,0,0,0.9,0.8,0.8500000000000001,1,1.0,2
1,750.0,0.0,0,1,43,8,1,963,171,1,4,0,1,0,0,0,1,0,0.9,0.6,0.75,0,1.0,3
5,450.0,0.0,1,1,10,2,0,156,28,1,4,0,0,0,0,0,0,0,0.9,0.8,0.8500000000000001,1,1.0,1
2,212.5,53.033008588991066,0,0,13,2,0,151,28,1,4,0,0,0,0,0,0,0,0.9,0.6,0.75,0,1.0,2
10,750.0,0.0,1,1,41,6,1,163,29,1,3,1,0,0,0,0,0,1,0.9,0.6,0.75,0,1.0,3
10,175.0,0.0,1,1,59,10,1,91,14,0,3,1,0,0,0,0,0,0,0.9,0.8,0.8500000000000001,1,1.0,2
2,750.0,0.0,0,1,21,3,1,285,47,1,3,1,0,0,0,0,0,1,0.9,0.6,0.75,0,1.0,3
1,450.0,0.0,0,1,53,9,1,123,21,1,3,0,0,1,0,1,0,0,0.9,0.8,0.8500000000000001,1,1.0,1
10,175.0,0.0,1,1,56,10,1,132,21,1,3,1,1,0,0,0,0,0,0.9,0.8,0.8500000000000001,1,1.0,2
2,450.0,0.0,0,1,50,8,1,415,71,1,3,1,1,0,0,0,0,0,0.8,0.8,0.8,1,1.0,1
5,355.0,132.75918047351755,1,0,12,3,0,136,25,1,3,1,0,0,0,0,0,1,0.9,0.8,0.8500000000000001,1,1.0,1
2,175.0,0.0,0,1,10,2,0,157,30,1,3,0,0,0,0,0,1,0,0.9,0.8,0.8500000000000001,1,1.0,2
14,175.0,0.0,1,1,53,11,1,151,28,1,3,1,0,0,0,0,0,0,0.9,0.8,0.8500000000000001,1,1.0,2
1,750.0,0.0,0,1,33,5,1,794,144,1,4,0,1,0,0,1,0,0,0.9,0.6,0.75,0,1.0,3
2,450.0,0.0,0,1,12,2,0,854,153,1,3,1,0,0,0,0,0,0,0.9,0.8,0.8500000000000001,1,1.0,1
1,175.0,0.0,0,1,22,4,0,113,21,1,3,0,0,0,0,0,0,0,0.9,0.8,0.8500000000000001,1,1.0,2
2,600.0,212.13203435596427,0,0,11,2,0,307,55,1,4,0,1,1,0,0,0,0,0.9,0.6,0.75,0,1.0,3
1,175.0,0.0,0,1,37,7,0,128,21,1,3,0,0,0,0,0,0,0,0.9,0.8,0.8500000000000001,1,1.0,2
14,750.0,0.0,1,1,55,9,1,817,133,1,4,1,0,0,0,0,0,1,0.9,0.6,0.75,0,1.0,3
10,175.0,0.0,1,1,53,10,1,124,23,1,3,0,0,0,0,0,0,0,0.9,0.8,0.8500000000000001,1,1.0,2
10,720.0,94.86832980505137,1,0,48,9,1,649,111,1,3,1,0,0,0,0,0,0,0.9,0.6,0.75,0,1.0,3
5,570.0,164.31676725154983,1,0,58,9,1,473,87,1,3,1,1,0,0,0,0,0,0.9,0.8,0.8500000000000001,1,1.0,1
1,450.0,0.0,0,1,37,7,0,98,15,0,3,0,0,0,0,0,0,1,0.9,0.8,0.8500000000000001,1,1.0,1
2,175.0,0.0,0,1,13,2,0,135,24,1,3,0,0,0,0,0,0,0,0.9,0.8,0.8500000000000001,1,1.0,2
4,750.0,0.0,0,1,30,5,1,222,38,1,4,0,0,0,0,0,0,0,0.8,0.6,0.7,0,1.0,3
1,750.0,0.0,0,1,43,10,1,397,71,1,3,1,0,0,0,0,0,0,0.9,0.6,0.75,0,1.0,3
1,175.0,0.0,0,1,20,4,0,131,25,1,3,0,0,0,0,0,0,0,0.9,0.8,0.8500000000000001,1,1.0,2
1,750.0,0.0,0,1,16,3,0,796,128,1,3,1,1,0,0,0,0,1,0.9,0.6,0.75,0,1.0,3
1,750.0,0.0,0,1,43,9,0,141,24,1,4,1,0,0,0,0,0,1,0.9,0.6,0.75,0,1.0,3
7,257.14285714285717,217.32957198030564,1,0,32,6,0,253,41,1,3,0,0,1,0,0,0,0,0.9,0.8,0.8500000000000001,1,1.0,2
4,387.5,274.24137786507225,0,0,24,4,0,154,24,1,3,0,0,1,0,0,0,0,0.8,0.8,0.8,1,1.0,1
8,831.25,250.62422069704277,1,0,21,5,0,2137,308,1,4,1,1,0,0,0,0,0,0.9,0.4,0.65,0,1.0,0
5,450.0,0.0,1,1,13,2,0,216,38,1,3,0,0,0,1,0,0,0,0.9,0.8,0.8500000000000001,1,1.0,1
1,450.0,0.0,0,1,28,4,0,102,19,1,3,0,0,0,1,0,0,0,0.9,0.8,0.8500000000000001,1,1.0,1
5,175.0,0.0,1,1,32,5,1,102,15,1,3,1,0,0,0,0,0,0,0.9,0.8,0.8500000000000001,1,1.0,2
3,175.0,0.0,0,1,18,5,0,329,55,1,3,0,0,0,0,0,0,0,0.9,0.8,0.8500000000000001,1,1.0,2
1,175.0,0.0,0,1,40,9,0,101,19,1,3,0,0,1,0,0,0,0,1.0,0.8,0.9,1,1.0,2
2,750.0,0.0,0,1,35,7,1,206,33,1,3,0,0,1,0,0,0,0,0.9,0.6,0.75,0,1.0,3
4,175.0,0.0,0,1,17,3,0,197,33,1,3,1,0,1,0,0,0,0,0.9,0.8,0.8500000000000001,1,1.0,2
8,175.0,0.0,1,1,11,2,0,110,20,1,3,0,0,1,0,1,0,0,0.9,0.8,0.8500000000000001,1,1.0,2
1,175.0,0.0,0,1,27,5,0,141,26,1,3,0,0,1,0,0,0,0,0.9,0.8,0.8500000000000001,1,1.0,2
1,750.0,0.0,0,1,11,2,0,661,122,1,3,1,0,0,0,0,0,0,0.9,0.6,0.75,0,1.0,3
19,342.10526315789474,131.7754380826387,1,0,56,12,1,146,29,1,3,1,0,0,0,0,0,0,0.9,0.8,0.8500000000000001,1,1.0,1
2,750.0,0.0,0,1,45,8,1,166,27,1,4,1,0,0,0,0,0,0,0.9,0.6,0.75,0,1.0,3
7,621.4285714285714,160.35674514745463,1,0,40,7,1,617,106,1,3,1,1,0,0,0,0,0,0.9,0.6,0.75,0,1.0,3
1,450.0,0.0,0,1,21,3,0,577,99,1,4,1,1,0,0,0,0,1,0.9,0.8,0.8500000000000001,1,1.0,1
3,175.0,0.0,0,1,16,5,0,119,18,1,3,0,0,0,1,0,1,0,0.9,0.8,0.8500000000000001,1,1.0,2
1,750.0,0.0,0,1,21,5,1,2230,344,1,3,1,0,0,0,0,0,0,0.9,0.6,0.75,0,1.0,3
3,750.0,0.0,0,1,38,6,1,631,112,1,3,0,1,1,0,0,0,0,0.9,0.6,0.75,0,1.0,3
2,600.0,212.13203435596427,0,0,37,5,1,341,52,1,3,0,1,1,0,0,0,1,0.9,0.6,0.75,0,1.0,3
1,450.0,0.0,0,1,7,1,0,155,28,1,3,0,0,0,0,0,0,1,0.9,0.8,0.8500000000000001,1,1.0,1
7,707.1428571428571,113.38934190276818,1,0,37,6,0,489,84,1,4,0,0,0,0,0,0,0,0.9,0.6,0.75,0,1.0,3
1,750.0,0.0,0,1,20,5,0,402,81,1,4,0,0,0,0,0,0,1,0.9,0.6,0.75,0,1.0,3
2,750.0,0.0,0,1,14,3,0,211,34,1,4,1,0,1,0,0,0,0,0.9,0.6,0.75,0,1.0,3
4,750.0,0.0,0,1,15,3,0,681,110,1,4,0,0,1,0,0,0,0,0.9,0.6,0.75,0,1.0,3
2,212.5,53.033008588991066,0,0,20,3,0,118,21,1,3,1,0,0,0,0,0,0,0.9,0.8,0.8500000000000001,1,1.0,2
1,450.0,0.0,0,1,49,9,1,26,5,0,3,0,0,1,0,0,0,0,0.9,0.8,0.8500000000000001,1,0.6666666666666666,1
14,750.0,0.0,1,1,55,9,1,993,169,1,4,1,1,0,0,0,0,1,0.9,0.6,0.75,0,1.0,3
8,525.0,290.01231500945414,1,0,24,5,0,896,157,1,3,1,1,0,0,0,0,1,0.9,0.6,0.75,0,1.0,1
1,175.0,0.0,0,1,21,3,0,261,46,1,3,0,0,1,0,0,0,1,0.9,0.8,0.8500000000000001,1,1.0,2
1,750.0,0.0,0,1,37,3,1,812,141,1,4,1,0,0,0,0,0,0,0.9,0.6,0.75,0,1.0,3
5,175.0,0.0,1,1,32,5,1,200,34,1,3,1,0,0,0,0,0,0,0.9,0.8,0.8500000000000001,1,1.0,2
3,383.3333333333333,115.47005383792515,0,0,8,1,0,56,8,0,3,1,0,0,0,0,1,0,0.9,0.6,0.75,0,1.0,1
5,175.0,0.0,1,1,32,5,1,82,15,0,3,1,0,0,0,0,0,0,0.9,0.8,0.8500000000000001,1,1.0,2
2,175.0,0.0,0,1,28,6,0,110,21,1,3,0,0,0,0,0,1,0,0.9,0.8,0.8500000000000001,1,1.0,2
1,450.0,0.0,0,1,27,5,0,689,124,1,3,1,1,1,0,0,0,0,0.9,0.8,0.8500000000000001,1,1.0,1
4,750.0,0.0,0,1,38,8,1,667,129,1,4,0,0,0,0,1,0,1,0.9,0.6,0.75,0,1.0,3
3,650.0,173.20508075688772,0,0,55,11,1,567,101,1,4,1,1,0,0,0,0,1,0.9,0.6,0.75,0,1.0,3
3,750.0,0.0,0,1,47,7,1,236,41,1,4,0,1,1,0,0,0,0,0.9,0.6,0.75,0,1.0,3
1,175.0,0.0,0,1,10,2,0,156,28,1,4,0,0,0,0,0,0,0,0.9,0.8,0.8500000000000001,1,1.0,2
6,175.0,0.0,1,1,9,2,0,245,51,1,3,0,1,1,0,0,0,0,0.9,0.8,0.8500000000000001,1,1.0,2
3,266.6666666666667,158.77132402714707,0,0,36,6,1,127,22,1,3,0,0,0,1,0,0,0,0.9,0.8,0.8500000000000001,1,1.0,2
1,750.0,0.0,0,1,19,4,0,115,20,1,3,1,0,0,0,0,0,0,0.9,0.6,0.75,0,1.0,3
10,175.0,0.0,1,1,31,7,0,98,20,0,3,1,0,0,0,0,0,0,0.9,0.8,0.8500000000000001,1,1.0,2
2,175.0,0.0,0,1,18,2,0,97,15,0,3,0,0,0,0,0,0,1,0.9,0.8,0.8500000000000001,1,1.0,2
4,175.0,0.0,0,1,17,4,0,142,27,1,3,0,0,0,0,0,0,1,0.9,0.8,0.8500000000000001,1,1.0,2
1,750.0,0.0,0,1,60,11,1,530,98,1,4,0,0,1,0,1,0,0,0.9,0.6,0.75,0,1.0,3
1,450.0,0.0,0,1,27,3,1,775,137,1,3,1,0,0,1,0,0,0,0.9,0.8,0.8500000000000001,1,1.0,1
10,175.0,0.0,1,1,54,9,1,103,19,1,3,1,0,0,0,0,0,0,1.0,0.8,0.9,1,1.0,2
6,175.0,0.0,1,1,23,5,0,151,32,1,3,1,1,0,0,0,0,0,0.9,0.8,0.8500000000000001,1,1.0,2
1,1000.0,0.0,0,1,18,2,0,1429,231,1,4,0,1,0,0,0,0,0,0.9,0.4,0.65,0,1.0,0
9,750.0,0.0,1,1,26,4,0,165,28,1,3,0,0,0,0,1,0,0,0.9,0.6,0.75,0,1.0,3
1,450.0,0.0,0,1,27,5,0,208,35,1,3,0,0,0,0,0,0,0,0.9,0.8,0.8500000000000001,1,1.0,1
10,217.5,128.58741082323036,1,0,22,3,0,72,15,0,3,1,1,0,0,0,0,0,0.9,0.8,0.8500000000000001,1,1.0,2
2,175.0,0.0,0,1,5,1,0,136,22,1,3,1,0,0,0,0,0,1,0.9,0.8,0.8500000000000001,1,1.0,2
2,750.0,0.0,0,1,38,6,1,389,71,1,3,1,0,0,0,0,0,0,0.9,0.6,0.75,0,1.0,3
1,750.0,0.0,0,1,33,5,1,603,114,1,4,0,0,1,0,0,0,0,0.9,0.6,0.75,0,1.0,3
1,175.0,0.0,0,1,42,10,0,130,23,1,3,0,1,0,0,0,0,0,0.9,0.4,0.65,0,1.0,4
1,175.0,0.0,0,1,10,2,0,157,32,1,3,0,0,0,0,0,0,0,0.9,0.8,0.8500000000000001,1,1.0,2
1,175.0,0.0,0,1,19,4,0,80,16,0,3,1,0,0,1,0,0,0,0.9,0.8,0.8500000000000001,1,1.0,2
1,450.0,0.0,0,1,16,2,0,194,35,1,4,0,0,1,0,0,0,0,0.9,0.8,0.8500000000000001,1,1.0,1
4,750.0,0.0,0,1,39,6,1,126,22,1,4,0,0,1,0,0,0,0,0.9,0.6,0.75,0,1.0,3
1,1000.0,0.0,0,1,18,3,0,424,65,1,4,0,0,0,0,0,0,0,1.0,0.4,0.7,0,1.0,0
10,175.0,0.0,1,1,57,10,1,93,16,0,3,0,0,0,0,0,0,0,0.9,0.8,0.8500000000000001,1,1.0,2
5,450.0,0.0,1,1,12,3,0,194,30,1,4,1,0,0,0,0,0,0,0.9,0.8,0.8500000000000001,1,1.0,1
7,257.14285714285717,217.32957198030564,1,0,22,3,0,631,106,1,4,0,0,0,0,0,0,0,0.9,0.6,0.75,0,1.0,2
2,750.0,0.0,0,1,24,3,1,484,80,1,3,1,1,0,0,0,0,0,0.9,0.6,0.75,0,1.0,3
1,450.0,0.0,0,1,26,4,0,92,12,0,3,0,0,0,0,0,0,1,0.9,0.8,0.8500000000000001,1,1.0,1
4,750.0,0.0,0,1,35,6,1,672,120,1,4,1,1,0,0,1,0,0,0.9,0.6,0.75,0,1.0,3
1,175.0,0.0,0,1,21,4,0,86,12,0,3,0,0,0,0,0,0,0,0.8,0.8,0.8,1,1.0,2
1,175.0,0.0,0,1,12,2,0,348,63,1,3,0,0,0,0,0,0,0,1.0,0.8,0.9,1,1.0,2
5,175.0,0.0,1,1,40,6,1,145,25,1,3,0,1,0,0,0,0,0,0.9,0.8,0.8500000000000001,1,1.0,2
10,217.5,128.58741082323036,1,0,4,1,0,132,25,1,3,0,0,0,0,0,0,0,0.9,0.8,0.8500000000000001,1,1.0,2
1,750.0,0.0,0,1,4,1,0,173,31,1,3,1,1,0,0,0,0,0,0.9,0.6,0.75,0,1.0,3
8,525.0,290.01231500945414,1,0,14,2,0,187,34,1,4,1,0,0,0,0,0,0,0.9,0.8,0.8500000000000001,1,1.0,1
8,175.0,0.0,1,1,18,2,0,131,25,1,3,1,1,0,0,0,0,0,0.9,0.8,0.8500000000000001,1,1.0,2
6,175.0,0.0,1,1,29,6,0,149,27,1,3,0,0,1,0,0,0,0,0.9,0.8,0.8500000000000001,1,1.0,2
3,175.0,0.0,0,1,12,3,0,140,24,1,3,0,0,0,0,0,0,0,0.9,0.8,0.8500000000000001,1,1.0,2
4,175.0,0.0,0,1,18,3,0,148,25,1,3,1,0,0,0,0,0,0,0.9,0.8,0.8500000000000001,1,1.0,2
4,875.0,144.33756729740642,0,0,31,5,1,1052,165,1,3,0,1,1,0,1,0,0,0.9,0.6,0.75,0,1.0,3
1,450.0,0.0,0,1,15,3,0,145,26,1,3,0,0,0,0,0,0,1,0.9,0.8,0.8500000000000001,1,1.0,1
10,175.0,0.0,1,1,61,10,1,95,15,0,3,1,0,0,0,0,0,0,0.9,0.8,0.8500000000000001,1,1.0,2
5,450.0,0.0,1,1,21,4,0,45,1,0,3,1,1,0,0,0,0,1,0.9,0.8,0.8500000000000001,1,0.6666666666666666,1
10,175.0,0.0,1,1,28,5,0,128,24,1,3,0,0,0,0,0,0,0,0.9,0.8,0.8500000000000001,1,1.0,2
5,230.0,122.98373876248843,1,0,21,4,0,180,31,1,3,0,0,0,0,0,0,0,0.9,0.8,0.8500000000000001,1,1.0,2
2,312.5,194.45436482630058,0,0,14,2,0,161,27,1,3,0,1,1,1,0,0,0,0.9,0.8,0.8500000000000001,1,1.0,1
1,750.0,0.0,0,1,16,3,0,166,30,1,3,0,0,0,0,0,0,0,0.9,0.6,0.75,0,1.0,3
1,175.0,0.0,0,1,10,2,0,126,23,1,3,0,0,1,0,0,0,0,0.9,0.8,0.8500000000000001,1,1.0,2
1,750.0,0.0,0,1,54,7,1,306,53,1,4,1,1,0,0,1,0,0,0.9,0.6,0.75,0,1.0,3
5,175.0,0.0,1,1,29,4,0,147,24,1,3,0,0,0,0,0,0,0,0.9,0.8,0.8500000000000001,1,1.0,2
1,175.0,0.0,0,1,35,6,0,108,23,1,3,1,0,0,0,0,0,0,0.9,0.8,0.8500000000000001,1,1.0,2
4,175.0,0.0,0,1,30,5,0,147,28,1,3,0,0,0,1,0,0,0,0.9,0.8,0.8500000000000001,1,1.0,2
7,707.1428571428571,113.38934190276818,1,0,48,7,1,109,15,1,3,1,0,0,1,0,0,0,0.9,0.6,0.75,0,1.0,3
1,750.0,0.0,0,1,41,7,0,197,29,1,3,1,1,0,1,0,0,0,0.9,0.6,0.75,0,1.0,3
1,450.0,0.0,0,1,16,2,0,98,21,0,4,0,0,0,0,0,0,1,0.9,0.8,0.8500000000000001,1,1.0,1
3,750.0,0.0,0,1,25,4,1,439,78,1,4,0,0,1,0,1,0,1,0.8,0.6,0.7,0,1.0,3
1,750.0,0.0,0,1,53,11,1,237,39,1,3,1,1,0,0,0,0,1,0.9,0.6,0.75,0,1.0,3
5,450.0,0.0,1,1,14,2,0,130,22,1,3,1,0,0,0,0,0,0,0.9,0.8,0.8500000000000001,1,1.0,1
1,750.0,0.0,0,1,10,2,0,117,24,1,4,0,0,1,0,0,0,0,0.9,0.6,0.75,0,1.0,3
2,750.0,0.0,0,1,94,13,1,638,105,1,4,1,1,0,0,0,0,1,0.9,0.6,0.75,0,1.0,3
2,875.0,176.7766952966369,0,0,23,3,1,934,146,1,4,0,0,0,0,0,0,0,0.9,0.4,0.65,0,1.0,3
1,750.0,0.0,0,1,59,13,1,675,126,1,4,0,0,1,0,0,0,0,0.9,0.6,0.75,0,1.0,3
1,175.0,0.0,0,1,13,3,0,108,24,1,3,1,1,0,1,0,0,0,0.9,0.8,0.8500000000000001,1,1.0,2
4,750.0,0.0,0,1,33,5,1,303,50,1,4,1,0,1,0,0,0,1,0.9,0.6,0.75,0,1.0,3
19,342.10526315789474,131.7754380826387,1,0,30,6,0,124,24,1,3,1,0,0,0,0,0,0,0.9,0.8,0.8500000000000001,1,1.0,1
1,175.0,0.0,0,1,32,5,0,96,17,0,3,0,0,0,1,0,0,1,0.9,0.8,0.8500000000000001,1,1.0,2
2,312.5,194.45436482630058,0,0,33,6,1,226,41,1,3,1,0,0,0,1,0,0,0.9,0.8,0.8500000000000001,1,1.0,1
1,175.0,0.0,0,1,22,5,0,111,19,1,3,0,0,0,0,0,0,0,1.0,0.8,0.9,1,1.0,2
7,621.4285714285714,160.35674514745463,1,0,48,8,1,309,53,1,3,1,0,0,0,0,0,0,0.9,0.6,0.75,0,1.0,3
2,750.0,0.0,0,1,42,7,1,239,47,1,3,0,0,0,0,0,0,0,0.9,0.6,0.75,0,1.0,3
1,750.0,0.0,0,1,53,11,1,973,168,1,4,0,1,1,0,0,1,0,0.9,0.6,0.75,0,1.0,3
1,450.0,0.0,0,1,49,6,0,324,55,1,3,0,0,0,0,0,0,0,0.9,0.8,0.8500000000000001,1,1.0,1
4,750.0,0.0,0,1,50,9,1,163,30,1,4,1,0,0,0,1,0,1,0.9,0.6,0.75,0,1.0,3
4,243.75,137.5,0,0,16,4,0,128,23,1,4,0,0,0,0,0,0,0,0.9,0.8,0.8500000000000001,1,1.0,2
14,750.0,0.0,1,1,46,9,1,1751,320,1,4,1,0,0,0,0,0,1,0.9,0.6,0.75,0,1.0,3
14,750.0,0.0,1,1,65,11,1,749,128,1,4,1,1,0,0,0,0,1,0.9,0.6,0.75,0,1.0,3
1,175.0,0.0,0,1,21,5,0,65,12,0,4,0,0,1,0,0,0,0,0.9,0.8,0.8500000000000001,1,1.0,2
3,383.3333333333333,115.47005383792515,0,0,8,2,0,64,13,0,3,1,0,0,0,0,1,0,0.9,0.8,0.8500000000000001,1,1.0,1
4,175.0,0.0,0,1,5,1,0,531,86,1,3,0,0,0,1,0,0,0,0.9,0.8,0.8500000000000001,1,1.0,2
5,450.0,0.0,1,1,26,4,0,163,32,1,3,0,0,0,0,0,0,0,0.9,0.8,0.8500000000000001,1,1.0,1
8,525.0,290.01231500945414,1,0,22,3,0,170,31,1,3,1,1,0,1,0,0,0,0.9,0.8,0.8500000000000001,1,1.0,1
2,750.0,0.0,0,1,47,7,1,189,32,1,3,0,1,1,0,0,0,0,0.9,0.6,0.75,0,1.0,3
14,750.0,0.0,1,1,41,8,1,1809,300,1,4,1,1,0,0,0,0,1,0.9,0.6,0.75,0,1.0,3
1,175.0,0.0,0,1,39,7,1,109,18,1,3,0,0,1,0,0,0,0,0.9,0.8,0.8500000000000001,1,1.0,2
14,750.0,0.0,1,1,41,7,1,856,145,1,4,0,1,1,0,0,0,1,0.9,0.6,0.75,0,1.0,3
1,450.0,0.0,0,1,22,4,0,112,19,1,3,0,0,0,1,0,0,0,0.9,0.8,0.8500000000000001,1,1.0,1
14,750.0,0.0,1,1,37,8,1,592,103,1,3,0,1,1,0,0,0,0,0.9,0.6,0.75,0,1.0,3
11,706.8181818181819,178.91719770990053,1,0,45,8,1,618,105,1,4,0,0,0,0,0,0,0,0.9,0.6,0.75,0,1.0,3
2,750.0,0.0,0,1,13,3,0,312,52,1,4,0,0,1,0,0,0,0,0.9,0.6,0.75,0,1.0,3
1,750.0,0.0,0,1,13,3,1,536,94,1,4,1,1,0,0,0,0,1,0.9,0.6,0.75,0,1.0,3
1,750.0,0.0,0,1,17,3,1,259,49,1,3,1,0,0,0,0,0,0,0.9,0.6,0.75,0,1.0,3
1,175.0,0.0,0,1,23,4,0,237,44,1,3,0,0,1,0,0,0,0,0.9,0.8,0.8500000000000001,1,1.0,2
4,387.5,274.24137786507225,0,0,13,3,0,135,19,1,3,0,0,0,0,0,0,1,0.9,0.8,0.8500000000000001,1,1.0,1
1,450.0,0.0,0,1,22,3,0,797,123,1,4,1,1,0,0,0,0,1,0.9,0.8,0.8500000000000001,1,1.0,1
1,175.0,0.0,0,1,19,3,0,358,65,1,3,1,0,0,0,0,0,0,0.9,0.8,0.8500000000000001,1,1.0,2
19,342.10526315789474,131.7754380826387,1,0,33,7,0,131,27,1,3,1,0,0,0,0,0,0,0.9,0.8,0.8500000000000001,1,1.0,1
4,243.75,137.5,0,0,20,4,0,128,26,1,3,0,0,1,0,0,0,0,0.9,0.8,0.8500000000000001,1,1.0,2
1,175.0,0.0,0,1,18,3,0,105,18,1,3,0,0,0,0,0,1,0,1.0,0.8,0.9,1,1.0,2
2,600.0,212.13203435596427,0,0,21,4,0,143,26,1,3,1,0,0,1,0,0,0,0.9,0.8,0.8500000000000001,1,1.0,1
1,175.0,0.0,0,1,4,1,0,151,29,1,3,0,0,0,0,0,0,0,0.9,0.8,0.8500000000000001,1,1.0,2
19,342.10526315789474,131.7754380826387,1,0,57,10,0,67,12,0,3,0,0,1,0,0,0,0,0.9,0.6,0.75,0,1.0,1
1,450.0,0.0,0,1,16,2,0,684,132,1,4,1,0,0,0,0,0,1,0.9,0.8,0.8500000000000001,1,1.0,1
5,630.0,164.31676725154983,1,0,36,6,1,119,22,1,4,1,1,0,0,1,0,0,0.9,0.6,0.75,0,1.0,3
1,750.0,0.0,0,1,24,3,0,237,41,1,3,0,0,0,0,0,0,0,0.9,0.6,0.75,0,1.0,3
2,450.0,0.0,0,1,19,3,0,149,25,1,3,0,0,0,0,0,0,0,0.9,0.8,0.8500000000000001,1,1.0,1
1,175.0,0.0,0,1,41,9,0,181,31,1,3,0,0,0,0,0,0,0,1.0,0.8,0.9,1,1.0,2
1,750.0,0.0,0,1,18,3,0,129,22,1,3,1,0,1,0,0,0,0,0.9,0.6,0.75,0,1.0,3
1,750.0,0.0,0,1,34,5,1,842,152,1,4,0,0,1,0,0,0,1,0.9,0.6,0.75,0,1.0,3
1,450.0,0.0,0,1,32,6,0,225,40,1,3,0,0,0,1,0,0,0,0.9,0.8,0.8500000000000001,1,1.0,1
1,175.0,0.0,0,1,21,6,0,86,13,0,4,0,0,1,0,0,0,0,1.0,0.8,0.9,1,1.0,2
1,175.0,0.0,0,1,29,4,0,74,12,0,3,0,0,0,0,0,0,0,0.9,0.8,0.8500000000000001,1,1.0,2
4,175.0,0.0,0,1,25,5,0,68,13,0,3,0,0,0,0,0,0,0,0.9,0.8,0.8500000000000001,1,1.0,2
1,250.0,0.0,0,1,58,9,1,553,89,1,3,0,0,0,1,0,0,0,0.9,0.6,0.75,0,1.0,4
1,750.0,0.0,0,1,10,2,0,80,15,0,3,1,0,1,0,0,0,0,0.9,0.6,0.75,0,0.6666666666666666,3
1,450.0,0.0,0,1,17,3,0,158,26,1,3,1,1,0,0,0,0,1,0.9,0.8,0.8500000000000001,1,1.0,1
1,175.0,0.0,0,1,12,2,0,92,19,0,3,1,0,0,0,0,0,1,0.9,0.8,0.8500000000000001,1,1.0,2
6,650.0,154.91933384829667,1,0,43,7,1,229,35,1,3,0,0,1,0,0,0,0,0.9,0.6,0.75,0,1.0,3
2,750.0,0.0,0,1,45,8,1,806,139,1,3,0,1,0,0,1,0,0,0.9,0.6,0.75,0,1.0,3
1,750.0,0.0,0,1,33,6,1,437,80,1,3,1,1,1,0,0,0,0,0.9,0.6,0.75,0,1.0,3
1,750.0,0.0,0,1,9,1,0,201,32,1,4,0,0,0,0,0,0,0,0.9,0.6,0.75,0,1.0,3
1,750.0,0.0,0,1,23,5,0,284,54,1,3,0,0,0,0,0,0,0,0.9,0.6,0.75,0,1.0,3
2,175.0,0.0,0,1,31,4,0,504,84,1,3,0,0,0,0,0,0,1,0.9,0.8,0.8500000000000001,1,1.0,2
5,175.0,0.0,1,1,32,5,1,134,20,1,3,0,1,0,0,0,0,0,0.9,0.8,0.8500000000000001,1,1.0,2
6,154.16666666666666,51.031036307982866,1,0,6,3,0,78,12,0,3,0,0,0,0,0,1,0,0.9,0.8,0.8500000000000001,1,1.0,2
5,450.0,0.0,1,1,52,11,1,220,34,1,3,1,0,0,0,0,1,0,0.9,0.8,0.8500000000000001,1,1.0,1
3,175.0,0.0,0,1,31,5,0,473,90,1,3,1,0,0,0,0,0,1,1.0,0.8,0.9,1,1.0,2
4,750.0,0.0,0,1,14,2,0,133,26,1,3,1,0,0,1,0,0,1,0.9,0.6,0.75,0,1.0,3
10,720.0,94.86832980505137,1,0,49,9,1,79,15,0,3,0,0,1,0,0,0,0,0.9,0.6,0.75,0,1.0,3
1,750.0,0.0,0,1,26,3,0,260,44,1,4,1,1,0,0,0,0,1,0.9,0.6,0.75,0,1.0,3
5,450.0,0.0,1,1,40,7,1,145,27,1,3,0,0,0,0,0,0,0,0.9,0.8,0.8500000000000001,1,1.0,1
4,750.0,0.0,0,1,21,3,0,195,32,1,3,1,0,0,0,0,0,1,0.9,0.6,0.75,0,1.0,3
1,750.0,0.0,0,1,27,6,0,158,29,1,3,1,0,0,0,1,0,1,0.9,0.6,0.75,0,1.0,3
19,342.10526315789474,131.7754380826387,1,0,18,3,0,76,13,0,4,0,0,1,0,0,0,0,0.9,0.8,0.8500000000000001,1,1.0,1
2,450.0,0.0,0,1,36,6,0,150,26,1,3,1,0,0,0,0,0,1,0.9,0.8,0.8500000000000001,1,1.0,1
2,175.0,0.0,0,1,23,6,0,75,15,0,3,0,0,0,1,0,0,0,0.9,0.8,0.8500000000000001,1,1.0,2
2,175.0,0.0,0,1,17,3,0,98,17,0,3,1,0,0,0,0,0,0,0.9,0.6,0.75,0,1.0,2
1,450.0,0.0,0,1,21,3,0,743,123,1,3,1,0,0,0,0,0,1,0.9,0.8,0.8500000000000001,1,1.0,1
1,750.0,0.0,0,1,24,5,0,176,29,1,4,0,1,0,0,0,0,0,0.9,0.6,0.75,0,1.0,3
1,450.0,0.0,0,1,21,3,1,695,122,1,4,0,0,1,0,0,0,0,0.9,0.8,0.8500000000000001,1,1.0,1
3,450.0,0.0,0,1,19,5,1,225,43,1,3,1,1,0,0,0,0,1,0.9,0.8,0.8500000000000001,1,1.0,1
2,750.0,0.0,0,1,41,7,1,600,108,1,4,1,1,0,0,0,0,1,0.9,0.6,0.75,0,1.0,3
11,706.8181818181819,178.91719770990053,1,0,56,9,1,841,147,1,3,1,0,0,0,0,0,0,0.9,0.6,0.75,0,1.0,3
4,243.75,137.5,0,0,14,3,0,106,18,1,3,0,0,0,1,0,0,0,0.9,0.8,0.8500000000000001,1,1.0,2
1,175.0,0.0,0,1,21,4,0,85,15,0,3,0,0,1,0,0,0,0,0.9,0.8,0.8500000000000001,1,1.0,2
2,450.0,0.0,0,1,27,6,0,447,76,1,3,1,0,0,0,0,1,0,0.9,0.8,0.8500000000000001,1,1.0,1
7,707.1428571428571,113.38934190276818,1,0,45,7,1,168,27,1,3,1,0,0,0,0,0,0,0.9,0.8,0.8500000000000001,1,1.0,3
1,175.0,0.0,0,1,26,5,0,524,94,1,4,0,0,1,0,0,0,0,0.9,0.8,0.8500000000000001,1,1.0,2
19,342.10526315789474,131.7754380826387,1,0,32,7,0,171,30,1,3,1,0,0,0,0,0,0,0.9,0.8,0.8500000000000001,1,1.0,1
1,175.0,0.0,0,1,25,6,0,104,19,1,3,0,0,0,1,1,0,0,0.9,0.8,0.8500000000000001,1,1.0,2
5,850.0,136.93063937629154,1,0,54,9,1,799,138,1,4,1,0,1,0,0,0,0,0.9,0.4,0.65,0,1.0,3
4,450.0,0.0,0,1,50,7,1,181,29,1,3,1,0,0,0,0,0,0,0.9,0.8,0.8500000000000001,1,1.0,1
1,175.0,0.0,0,1,31,6,0,117,23,1,3,1,0,0,0,0,0,0,0.9,0.8,0.8500000000000001,1,1.0,2
1,750.0,0.0,0,1,39,7,0,304,51,1,4,0,0,0,0,1,0,0,0.9,0.6,0.75,0,1.0,3
1,450.0,0.0,0,1,58,8,1,724,116,1,4,0,0,0,0,0,0,0,0.9,0.8,0.8500000000000001,1,1.0,1
2,462.5,406.5863991822648,0,0,12,1,0,827,125,1,3,0,0,1,0,0,0,0,0.9,0.6,0.75,0,1.0,3
5,175.0,0.0,1,1,30,6,0,129,21,1,3,0,0,0,0,0,0,0,0.9,0.8,0.8500000000000001,1,1.0,2
10,750.0,0.0,1,1,120,23,1,149,19,1,3,1,1,0,0,1,0,0,0.9,0.6,0.75,0,1.0,3
1,175.0,0.0,0,1,20,3,0,121,22,1,3,1,0,0,0,0,0,0,0.9,0.8,0.8500000000000001,1,1.0,2
1,450.0,0.0,0,1,28,5,0,104,20,1,4,0,0,0,0,0,0,0,0.8,0.8,0.8,1,1.0,1
11,706.8181818181819,178.91719770990053,1,0,61,9,1,889,143,1,3,0,0,0,0,0,0,0,0.9,0.6,0.75,0,1.0,3
10,720.0,94.86832980505137,1,0,41,7,1,216,35,1,4,1,1,1,0,0,0,0,0.9,0.6,0.75,0,1.0,3
1,450.0,0.0,0,1,23,3,1,348,65,1,3,0,1,1,0,0,0,0,0.9,0.8,0.8500000000000001,1,1.0,1
19,342.10526315789474,131.7754380826387,1,0,30,7,0,129,24,1,3,0,0,0,0,0,0,0,0.9,0.8,0.8500000000000001,1,1.0,1
1,750.0,0.0,0,1,82,14,1,1341,224,1,3,1,1,0,1,0,0,0,0.9,0.6,0.75,0,1.0,3
4,243.75,137.5,0,0,41,8,0,136,22,1,3,0,0,0,1,0,0,0,1.0,0.8,0.9,1,1.0,2
1,450.0,0.0,0,1,24,5,0,511,90,1,3,0,0,0,0,0,0,1,0.9,0.8,0.8500000000000001,1,1.0,1
6,650.0,154.91933384829667,1,0,29,5,1,223,41,1,4,0,0,1,0,0,0,0,0.9,0.8,0.8500000000000001,1,1.0,3
14,750.0,0.0,1,1,61,12,1,975,174,1,3,0,1,1,0,0,0,0,0.8,0.6,0.7,0,1.0,3
3,175.0,0.0,0,1,18,5,0,404,72,1,4,0,0,0,0,0,0,0,0.9,0.8,0.8500000000000001,1,1.0,2
14,175.0,0.0,1,1,40,8,1,56,11,0,3,1,0,0,0,0,0,0,1.0,0.8,0.9,1,1.0,2
2,750.0,0.0,0,1,14,3,0,1085,186,1,4,0,1,1,0,0,0,1,0.9,0.6,0.75,0,1.0,3
2,750.0,0.0,0,1,48,6,1,123,22,1,3,0,1,1,0,1,0,0,0.9,0.6,0.75,0,1.0,3
1,175.0,0.0,0,1,11,2,0,106,18,1,3,0,0,0,0,0,0,0,0.9,0.8,0.8500000000000001,1,1.0,2
7,707.1428571428571,113.38934190276818,1,0,58,10,1,123,20,1,3,1,1,0,0,0,0,0,0.9,0.6,0.75,0,1.0,3
1,175.0,0.0,0,1,12,3,0,104,21,1,3,1,0,0,0,0,0,0,0.9,0.8,0.8500000000000001,1,1.0,2
1,750.0,0.0,0,1,10,2,0,237,42,1,4,1,1,0,1,0,0,0,0.9,0.6,0.75,0,1.0,3
1,450.0,0.0,0,1,16,3,0,142,26,1,3,1,0,0,0,0,0,0,0.9,0.8,0.8500000000000001,1,1.0,1
14,175.0,0.0,1,1,34,5,0,88,15,0,3,0,0,0,1,0,1,0,0.9,0.8,0.8500000000000001,1,1.0,2
1,450.0,0.0,0,1,12,2,0,69,10,0,3,0,0,1,0,0,0,1,0.9,0.8,0.8500000000000001,1,1.0,1
11,706.8181818181819,178.91719770990053,1,0,55,9,1,973,168,1,3,0,0,0,0,0,0,0,0.9,0.6,0.75,0,1.0,3
4,243.75,137.5,0,0,9,1,0,59,11,0,3,0,0,0,0,0,0,1,0.9,0.8,0.8500000000000001,1,1.0,2
1,175.0,0.0,0,1,59,12,0,134,26,1,3,0,0,0,0,0,1,0,0.9,0.8,0.8500000000000001,1,1.0,2
2,750.0,0.0,0,1,23,4,0,1137,173,1,4,0,0,1,0,0,0,1,0.9,0.6,0.75,0,1.0,3
1,175.0,0.0,0,1,14,3,0,123,26,1,3,0,0,1,0,0,0,0,0.9,0.8,0.8500000000000001,1,1.0,2
7,225.0,85.39125638299666,1,0,10,2,0,100,18,0,3,1,0,0,0,0,0,0,0.9,0.6,0.75,0,1.0,2
1,175.0,0.0,0,1,51,7,0,169,29,1,3,1,1,0,0,0,0,0,0.9,0.8,0.8500000000000001,1,1.0,2
3,750.0,0.0,0,1,22,3,0,884,149,1,3,0,0,1,0,0,0,1,0.9,0.6,0.75,0,1.0,3
6,175.0,0.0,1,1,20,3,0,84,17,0,3,0,1,0,0,0,0,0,0.9,0.8,0.8500000000000001,1,1.0,2
1,750.0,0.0,0,1,15,4,0,652,117,1,4,0,0,1,0,0,0,0,0.9,0.6,0.75,0,1.0,3
1,175.0,0.0,0,1,8,2,0,86,15,0,3,1,0,0,0,0,0,0,0.9,0.8,0.8500000000000001,1,1.0,2
2,600.0,212.13203435596427,0,0,7,1,0,927,165,1,4,1,0,0,1,0,0,0,0.9,0.8,0.8500000000000001,1,1.0,1
2,450.0,0.0,0,1,28,4,1,655,113,1,4,0,1,0,1,0,0,1,0.9,0.8,0.8500000000000001,1,1.0,1
1,175.0,0.0,0,1,11,1,0,88,18,0,3,0,0,0,0,0,0,0,0.9,0.8,0.8500000000000001,1,1.0,2
1,175.0,0.0,0,1,30,5,0,146,25,1,3,0,1,1,0,0,0,0,0.9,0.8,0.8500000000000001,1,1.0,2
6,154.16666666666666,51.031036307982866,1,0,12,2,0,50,8,0,3,0,0,0,0,0,0,0,0.9,0.8,0.8500000000000001,1,0.6666666666666666,2
1,450.0,0.0,0,1,13,2,0,348,69,1,3,0,0,0,0,0,0,0,0.9,0.8,0.8500000000000001,1,1.0,1
3,550.0,173.20508075688772,0,0,56,5,1,123,21,1,3,0,0,1,0,0,0,0,0.9,0.8,0.8500000000000001,1,1.0,1
3,175.0,0.0,0,1,10,1,0,130,24,1,3,0,0,0,0,0,0,0,0.9,0.8,0.8500000000000001,1,1.0,2
4,875.0,144.33756729740642,0,0,38,6,1,457,70,1,3,0,1,1,0,0,0,1,0.9,0.4,0.65,0,1.0,3
4,750.0,0.0,0,1,41,5,1,176,30,1,4,1,0,1,0,0,0,0,0.9,0.6,0.75,0,1.0,3
1,250.0,0.0,0,1,22,4,0,177,31,1,3,1,0,0,0,0,0,0,0.9,0.6,0.75,0,1.0,4
1,175.0,0.0,0,1,18,3,0,131,24,1,3,0,0,0,0,0,0,1,0.9,0.6,0.75,0,1.0,4
1,450.0,0.0,0,1,9,2,0,867,153,1,4,0,0,1,1,0,0,0,0.9,0.8,0.8500000000000001,1,1.0,1
4,175.0,0.0,0,1,18,3,0,159,29,1,3,1,1,0,0,0,0,0,0.9,0.8,0.8500000000000001,1,1.0,2
3,550.0,173.20508075688772,0,0,52,5,1,104,20,1,3,0,0,1,0,0,0,0,0.9,0.6,0.75,0,1.0,1
19,342.10526315789474,131.7754380826387,1,0,56,12,1,54,12,0,3,1,0,0,0,0,0,0,0.9,0.6,0.75,0,1.0,1
10,720.0,94.86832980505137,1,0,44,8,1,184,37,1,4,0,0,1,0,0,0,0,0.8,0.6,0.7,0,1.0,3
4,750.0,0.0,0,1,33,6,1,394,67,1,4,1,0,0,0,0,0,0,0.9,0.6,0.75,0,1.0,3
5,450.0,0.0,1,1,26,5,0,428,84,1,4,0,0,0,1,0,0,0,0.9,0.8,0.8500000000000001,1,1.0,1
2,450.0,0.0,0,1,48,12,0,92,14,0,3,0,0,0,1,0,0,0,0.9,0.8,0.8500000000000001,1,1.0,1
1,175.0,0.0,0,1,10,2,0,101,16,1,3,0,0,0,0,0,0,0,0.9,0.8,0.8500000000000001,1,1.0,2
10,175.0,0.0,1,1,33,6,0,84,16,0,3,0,0,1,0,0,0,0,0.9,0.8,0.8500000000000001,1,1.0,2
7,257.14285714285717,217.32957198030564,1,0,31,6,0,82,15,0,3,0,0,0,0,0,0,0,0.9,0.8,0.8500000000000001,1,1.0,2
2,600.0,212.13203435596427,0,0,14,3,0,118,23,1,3,1,0,0,0,0,0,0,0.9,0.8,0.8500000000000001,1,1.0,1
1,175.0,0.0,0,1,18,4,0,164,27,1,3,1,1,0,0,0,0,1,0.9,0.8,0.8500000000000001,1,1.0,2
1,750.0,0.0,0,1,27,3,1,1231,170,1,4,0,1,1,0,1,0,1,0.9,0.6,0.75,0,1.0,3
2,175.0,0.0,0,1,25,5,0,121,22,1,3,0,1,0,0,0,0,0,0.9,0.6,0.75,0,1.0,2
19,342.10526315789474,131.7754380826387,1,0,33,7,0,103,18,1,3,1,1,0,0,0,0,0,0.9,0.8,0.8500000000000001,1,1.0,1
10,720.0,94.86832980505137,1,0,20,4,0,113,18,1,4,0,0,1,0,0,0,0,0.9,0.6,0.75,0,1.0,3
1,175.0,0.0,0,1,23,5,0,49,10,0,3,0,0,0,0,0,0,0,0.9,0.8,0.8500000000000001,1,0.6666666666666666,2
2,600.0,212.13203435596427,0,0,12,3,0,155,22,1,3,0,0,0,1,0,0,0,0.9,0.8,0.8500000000000001,1,1.0,3
1,175.0,0.0,0,1,25,6,0,318,51,1,3,1,0,0,0,0,0,0,0.9,0.8,0.8500000000000001,1,1.0,2
5,750.0,0.0,1,1,12,2,0,559,88,1,4,1,0,0,0,0,0,0,0.9,0.6,0.75,0,1.0,3
19,342.10526315789474,131.7754380826387,1,0,32,7,0,122,22,1,3,1,0,0,0,0,0,0,0.9,0.8,0.8500000000000001,1,1.0,1
1,450.0,0.0,0,1,8,2,0,121,22,1,3,0,0,0,0,0,0,1,0.9,0.8,0.8500000000000001,1,1.0,1
1,175.0,0.0,0,1,18,3,0,79,14,0,3,1,0,0,0,0,0,0,0.9,0.8,0.8500000000000001,1,1.0,2
1,175.0,0.0,0,1,25,4,0,80,14,0,3,1,0,0,0,0,0,0,0.9,0.8,0.8500000000000001,1,1.0,2
2,312.5,194.45436482630058,0,0,19,3,0,97,21,0,3,0,0,0,0,0,0,0,0.9,0.8,0.8500000000000001,1,1.0,1
6,175.0,0.0,1,1,24,4,0,109,22,1,3,0,0,0,1,0,0,0,1.0,0.8,0.9,1,1.0,2
5,570.0,164.31676725154983,1,0,44,7,1,144,23,1,3,1,0,0,0,0,0,0,0.9,0.6,0.75,0,1.0,1
7,621.4285714285714,160.35674514745463,1,0,39,7,1,470,82,1,4,1,1,0,0,0,0,0,0.9,0.6,0.75,0,1.0,3
19,342.10526315789474,131.7754380826387,1,0,33,7,0,112,20,1,3,1,0,0,0,0,0,0,0.9,0.8,0.8500000000000001,1,1.0,1
1,175.0,0.0,0,1,6,1,0,74,13,0,3,0,0,0,0,0,0,0,1.0,0.8,0.9,1,1.0,2
3,650.0,173.20508075688772,0,0,49,9,1,701,118,1,3,0,0,0,0,0,0,1,0.9,0.8,0.8500000000000001,1,1.0,3
2,600.0,212.13203435596427,0,0,28,4,1,750,110,1,3,1,1,0,0,0,0,0,0.9,0.6,0.75,0,1.0,3
8,831.25,250.62422069704277,1,0,54,11,1,973,176,1,3,1,1,0,0,0,0,0,0.9,0.6,0.75,0,1.0,0
1,1000.0,0.0,0,1,31,5,1,2046,305,1,4,0,0,0,0,0,0,0,0.9,0.4,0.65,0,1.0,0
1,750.0,0.0,0,1,19,4,0,202,36,1,4,0,1,0,0,0,0,1,0.9,0.6,0.75,0,1.0,3
19,342.10526315789474,131.7754380826387,1,0,32,7,0,153,27,1,3,1,0,0,0,0,0,0,0.9,0.8,0.8500000000000001,1,1.0,1
1,175.0,0.0,0,1,20,2,0,116,22,1,3,0,0,1,0,0,0,0,0.9,0.8,0.8500000000000001,1,1.0,2
1,750.0,0.0,0,1,15,2,0,145,25,1,3,0,0,1,0,0,0,0,0.9,0.6,0.75,0,1.0,3
14,175.0,0.0,1,1,25,5,0,197,35,1,3,0,0,0,0,0,1,0,1.0,0.8,0.9,1,1.0,2
1,750.0,0.0,0,1,53,11,1,125,21,1,4,0,1,0,1,1,0,0,0.9,0.6,0.75,0,1.0,3
8,831.25,250.62422069704277,1,0,42,9,1,2129,355,1,3,1,1,0,0,0,0,0,0.9,0.4,0.65,0,1.0,0
5,630.0,164.31676725154983,1,0,36,6,1,364,64,1,3,1,1,0,0,1,0,0,0.9,0.8,0.8500000000000001,1,1.0,3
1,175.0,0.0,0,1,12,2,0,649,111,1,3,0,0,1,0,0,0,0,0.9,0.8,0.8500000000000001,1,1.0,2
2,600.0,212.13203435596427,0,0,45,7,1,524,74,1,4,1,1,0,1,0,0,0,0.9,0.8,0.8500000000000001,1,1.0,3
7,175.0,0.0,1,1,46,8,0,119,20,1,3,0,0,0,0,0,0,0,0.9,0.8,0.8500000000000001,1,1.0,2
8,831.25,250.62422069704277,1,0,50,11,1,749,126,1,4,1,1,0,0,0,0,0,0.9,0.4,0.65,0,1.0,0
19,342.10526315789474,131.7754380826387,1,0,34,7,0,118,23,1,3,1,0,0,0,0,0,0,0.9,0.8,0.8500000000000001,1,1.0,1
4,175.0,0.0,0,1,31,7,1,401,70,1,3,1,1,0,1,0,0,0,0.9,0.8,0.8500000000000001,1,1.0,2
1,750.0,0.0,0,1,63,13,1,1110,183,1,4,1,0,0,0,0,0,1,0.9,0.6,0.75,0,1.0,3
3,291.6666666666667,101.0362971081845,0,0,13,3,0,98,21,0,3,0,0,0,0,0,0,0,1.0,0.8,0.9,1,1.0,2
2,175.0,0.0,0,1,14,3,0,110,20,1,3,0,0,0,0,0,0,0,0.9,0.8,0.8500000000000001,1,1.0,2
1,175.0,0.0,0,1,12,2,0,135,28,1,3,1,0,0,0,0,1,0,0.9,0.8,0.8500000000000001,1,1.0,2
2,175.0,0.0,0,1,24,4,0,164,29,1,3,0,0,0,1,0,0,0,0.9,0.8,0.8500000000000001,1,1.0,2
1,175.0,0.0,0,1,19,5,0,226,39,1,3,0,0,1,0,0,1,0,0.9,0.8,0.8500000000000001,1,1.0,2
1,175.0,0.0,0,1,8,2,0,638,65,1,4,0,0,0,0,0,0,0,1.0,0.8,0.9,1,1.0,2
1,750.0,0.0,0,1,29,5,0,473,74,1,4,1,0,0,0,0,0,1,0.9,0.6,0.75,0,1.0,3
4,175.0,0.0,0,1,22,3,0,126,21,1,3,0,0,1,0,0,0,0,0.9,0.8,0.8500000000000001,1,1.0,2
2,750.0,0.0,0,1,18,3,0,248,44,1,3,0,1,1,0,0,0,0,0.9,0.6,0.75,0,1.0,3
1,750.0,0.0,0,1,22,4,0,1233,211,1,4,1,0,1,0,0,0,0,0.9,0.6,0.75,0,1.0,3
2,175.0,0.0,0,1,10,2,0,116,26,1,3,0,0,0,0,0,0,1,0.9,0.8,0.8500000000000001,1,1.0,2
1,175.0,0.0,0,1,12,2,0,333,66,1,3,0,0,0,0,0,1,0,0.9,0.8,0.8500000000000001,1,1.0,2
1,450.0,0.0,0,1,39,6,0,708,110,1,4,1,1,0,0,0,0,1,0.9,0.8,0.8500000000000001,1,1.0,1
3,450.0,0.0,0,1,16,3,0,113,20,1,3,1,0,0,1,0,0,0,0.9,0.8,0.8500000000000001,1,1.0,1
8,831.25,250.62422069704277,1,0,10,1,0,555,104,1,3,1,1,0,1,0,0,0,0.9,0.8,0.8500000000000001,1,1.0,0
19,342.10526315789474,131.7754380826387,1,0,32,7,0,432,75,1,4,1,0,0,0,0,0,0,0.9,0.8,0.8500000000000001,1,1.0,1
3,650.0,173.20508075688772,0,0,53,10,1,202,32,1,3,1,1,0,0,0,0,1,0.9,0.6,0.75,0,1.0,3
2,750.0,0.0,0,1,34,4,1,726,124,1,4,1,1,0,0,0,0,0,0.9,0.6,0.75,0,1.0,3
2,312.5,194.45436482630058,0,0,18,3,0,91,16,0,3,1,0,0,0,0,0,1,0.9,0.8,0.8500000000000001,1,1.0,1
1,750.0,0.0,0,1,37,8,1,259,46,1,3,0,1,1,0,0,0,0,0.9,0.6,0.75,0,1.0,3
4,750.0,0.0,0,1,25,4,0,195,35,1,3,0,0,0,0,0,0,0,0.9,0.6,0.75,0,1.0,3
1,250.0,0.0,0,1,16,3,0,226,40,1,3,1,0,0,0,1,0,1,0.9,0.6,0.75,0,1.0,4
5,750.0,0.0,1,1,41,9,1,214,46,1,3,1,0,1,0,0,0,0,0.9,0.6,0.75,0,1.0,3
1,175.0,0.0,0,1,16,3,0,541,98,1,4,0,0,1,0,0,0,0,0.9,0.8,0.8500000000000001,1,1.0,2
4,175.0,0.0,0,1,33,8,1,80,16,0,3,0,0,0,1,0,0,0,0.9,0.8,0.8500000000000001,1,1.0,2
19,342.10526315789474,131.7754380826387,1,0,31,7,0,134,26,1,3,1,1,0,0,0,0,0,0.9,0.8,0.8500000000000001,1,1.0,1
10,720.0,94.86832980505137,1,0,35,7,1,169,27,1,3,1,0,1,1,0,0,0,0.9,0.6,0.75,0,1.0,3
1,750.0,0.0,0,1,49,9,0,463,78,1,4,0,0,0,0,0,0,0,0.9,0.6,0.75,0,1.0,3
3,650.0,173.20508075688772,0,0,49,11,1,235,38,1,3,1,1,0,0,0,0,1,0.9,0.8,0.8500000000000001,1,1.0,3
3,450.0,0.0,0,1,33,7,1,107,21,1,3,1,1,0,0,0,0,0,0.9,0.8,0.8500000000000001,1,1.0,1
7,257.14285714285717,217.32957198030564,1,0,30,6,0,505,88,1,3,1,0,0,1,0,0,0,0.9,0.8,0.8500000000000001,1,1.0,2
2,750.0,0.0,0,1,18,4,0,389,68,1,3,0,1,1,0,0,0,0,0.8,0.6,0.7,0,1.0,3
2,750.0,0.0,0,1,40,5,1,978,163,1,4,1,1,0,0,0,0,1,0.9,0.6,0.75,0,1.0,3
19,342.10526315789474,131.7754380826387,1,0,34,7,0,184,35,1,3,1,0,0,0,0,0,0,0.9,0.8,0.8500000000000001,1,1.0,1
10,720.0,94.86832980505137,1,0,15,3,0,137,23,1,3,1,0,0,0,0,0,0,0.9,0.8,0.8500000000000001,1,1.0,3
3,266.6666666666667,158.77132402714707,0,0,14,3,0,118,20,1,3,0,0,0,0,0,0,0,0.9,0.8,0.8500000000000001,1,1.0,2
2,312.5,194.45436482630058,0,0,30,4,0,162,30,1,3,1,0,0,0,0,0,1,0.9,0.8,0.8500000000000001,1,1.0,1
5,450.0,0.0,1,1,43,8,1,223,33,1,3,0,0,0,0,0,0,0,0.9,0.8,0.8500000000000001,1,1.0,1
5,450.0,0.0,1,1,47,8,1,125,21,1,3,1,0,0,0,0,1,0,0.9,0.8,0.8500000000000001,1,1.0,1
1,175.0,0.0,0,1,21,4,0,316,66,1,3,1,1,0,0,0,0,0,0.9,0.8,0.8500000000000001,1,1.0,2
1,175.0,0.0,0,1,12,3,0,107,21,1,3,0,0,0,0,0,0,0,0.9,0.8,0.8500000000000001,1,1.0,2
1,175.0,0.0,0,1,13,2,0,120,20,1,3,0,0,1,0,0,0,0,1.0,0.8,0.9,1,1.0,2
1,750.0,0.0,0,1,24,4,0,814,119,1,4,0,1,1,0,0,0,0,0.8,0.6,0.7,0,1.0,3
1,175.0,0.0,0,1,22,4,0,149,28,1,3,0,0,0,0,0,0,0,0.9,0.8,0.8500000000000001,1,1.0,2
1,450.0,0.0,0,1,40,6,0,164,27,1,3,0,0,0,0,0,0,0,0.9,0.8,0.8500000000000001,1,1.0,1
7,257.14285714285717,217.32957198030564,1,0,30,6,0,99,18,0,3,0,0,0,1,0,0,0,0.9,0.8,0.8500000000000001,1,1.0,2
19,342.10526315789474,131.7754380826387,1,0,32,7,0,131,27,1,3,1,0,0,0,0,0,0,0.9,0.8,0.8500000000000001,1,1.0,1
11,706.8181818181819,178.91719770990053,1,0,57,9,1,551,93,1,3,0,0,0,0,0,0,0,0.9,0.6,0.75,0,1.0,3
2,450.0,0.0,0,1,33,6,0,100,21,0,3,0,0,0,0,0,0,0,0.9,0.8,0.8500000000000001,1,1.0,1
8,525.0,290.01231500945414,1,0,10,2,0,93,15,0,3,0,1,0,1,0,0,0,1.0,0.8,0.9,1,1.0,1
1,175.0,0.0,0,1,18,5,0,183,34,1,3,1,0,0,0,0,0,0,0.9,0.8,0.8500000000000001,1,1.0,2
2,750.0,0.0,0,1,35,7,1,591,102,1,4,1,0,0,0,0,0,1,0.9,0.6,0.75,0,1.0,3
1,450.0,0.0,0,1,39,7,0,111,22,1,3,1,0,0,0,0,0,1,0.9,0.8,0.8500000000000001,1,1.0,1
1,750.0,0.0,0,1,14,2,0,1430,226,1,4,0,1,0,0,0,0,0,0.9,0.6,0.75,0,1.0,3
5,450.0,0.0,1,1,12,3,0,135,22,1,3,1,1,0,0,0,0,0,0.9,0.8,0.8500000000000001,1,1.0,1
1,175.0,0.0,0,1,12,2,0,154,30,1,4,0,0,0,1,0,0,0,0.9,0.8,0.8500000000000001,1,1.0,2
14,750.0,0.0,1,1,46,9,1,1447,248,1,4,1,1,0,0,0,0,1,0.9,0.6,0.75,0,1.0,3
10,217.5,128.58741082323036,1,0,12,2,0,444,88,1,3,1,0,0,0,0,0,0,0.9,0.8,0.8500000000000001,1,1.0,2
2,175.0,0.0,0,1,26,6,0,121,25,1,3,1,1,0,0,0,0,0,0.9,0.8,0.8500000000000001,1,1.0,2
1,450.0,0.0,0,1,12,2,0,391,64,1,3,1,0,0,0,0,0,0,0.8,0.8,0.8,1,1.0,1
1,175.0,0.0,0,1,13,3,0,149,27,1,3,0,0,0,0,0,0,0,0.9,0.8,0.8500000000000001,1,1.0,2
3,175.0,0.0,0,1,7,1,0,271,44,1,4,0,0,0,0,0,0,0,0.9,0.8,0.8500000000000001,1,1.0,2
2,175.0,0.0,0,1,10,2,0,127,27,1,3,0,0,0,0,0,0,0,0.9,0.8,0.8500000000000001,1,1.0,2
1,175.0,0.0,0,1,36,6,0,151,26,1,3,1,0,0,0,0,0,0,0.9,0.8,0.8500000000000001,1,1.0,2
10,175.0,0.0,1,1,24,7,0,64,11,0,3,0,0,0,0,0,0,0,0.9,0.8,0.8500000000000001,1,1.0,2
3,358.3333333333333,158.77132402714707,0,0,38,7,1,84,14,0,3,0,0,1,0,0,0,0,0.9,0.8,0.8500000000000001,1,1.0,1
1,175.0,0.0,0,1,31,5,1,209,42,1,3,1,0,1,0,0,1,0,0.9,0.8,0.8500000000000001,1,1.0,2
1,175.0,0.0,0,1,17,3,0,137,26,1,3,1,0,0,1,0,0,0,1.0,0.8,0.9,1,1.0,2
3,733.3333333333334,275.3785273643051,0,0,41,7,1,877,146,1,4,1,1,0,0,0,0,0,0.9,0.6,0.75,0,1.0,0
2,450.0,0.0,0,1,18,3,0,156,28,1,3,0,0,0,0,1,0,1,0.9,0.8,0.8500000000000001,1,1.0,1
2,750.0,0.0,0,1,40,8,1,627,109,1,3,0,0,0,0,0,0,0,0.9,0.6,0.75,0,1.0,3
1,175.0,0.0,0,1,11,2,0,135,26,1,3,1,0,0,0,1,0,0,0.9,0.8,0.8500000000000001,1,1.0,2
14,750.0,0.0,1,1,46,7,1,980,178,1,4,0,1,1,0,1,0,0,0.9,0.6,0.75,0,1.0,3
1,175.0,0.0,0,1,14,3,0,201,42,1,3,1,0,0,0,0,0,0,0.9,0.8,0.8500000000000001,1,1.0,2
1,450.0,0.0,0,1,15,3,0,157,24,1,3,0,0,0,0,0,0,0,0.9,0.8,0.8500000000000001,1,1.0,1
2,312.5,194.45436482630058,0,0,23,4,0,159,27,1,3,0,0,0,1,0,0,0,0.9,0.8,0.8500000000000001,1,1.0,1
2,175.0,0.0,0,1,24,4,0,118,17,1,3,0,0,1,0,0,0,0,0.9,0.8,0.8500000000000001,1,1.0,2
1,450.0,0.0,0,1,17,3,0,160,25,1,3,1,0,0,0,0,0,1,0.9,0.8,0.8500000000000001,1,1.0,1
1,175.0,0.0,0,1,4,1,0,175,33,1,3,1,0,0,0,0,0,1,0.9,0.8,0.8500000000000001,1,1.0,2
1,175.0,0.0,0,1,16,2,0,183,30,1,4,0,0,0,0,0,0,0,0.9,0.8,0.8500000000000001,1,1.0,2
3,175.0,0.0,0,1,14,2,0,74,14,0,3,0,1,0,0,0,0,0,0.9,0.8,0.8500000000000001,1,1.0,2
6,175.0,0.0,1,1,9,1,0,372,62,1,3,1,0,0,0,0,0,0,1.0,0.8,0.9,1,1.0,2
1,175.0,0.0,0,1,13,3,0,160,25,1,3,1,1,0,0,0,0,0,0.9,0.8,0.8500000000000001,1,1.0,2
5,450.0,0.0,1,1,17,3,0,188,31,1,4,1,0,0,0,0,0,0,0.9,0.8,0.8500000000000001,1,1.0,1
2,312.5,194.45436482630058,0,0,37,8,0,157,28,1,3,1,0,0,0,0,0,0,0.9,0.8,0.8500000000000001,1,1.0,1
1,750.0,0.0,0,1,37,5,1,198,28,1,3,0,0,0,0,0,0,0,0.9,0.6,0.75,0,1.0,3
2,312.5,194.45436482630058,0,0,14,2,0,76,15,0,3,0,0,1,1,0,0,0,0.9,0.8,0.8500000000000001,1,1.0,1
1,750.0,0.0,0,1,10,3,0,263,45,1,4,1,1,0,0,1,0,0,0.9,0.6,0.75,0,1.0,3
1,175.0,0.0,0,1,14,2,0,113,22,1,3,0,0,0,0,0,0,0,0.9,0.8,0.8500000000000001,1,1.0,2
1,450.0,0.0,0,1,14,2,0,133,22,1,3,0,0,0,0,0,0,1,0.9,0.8,0.8500000000000001,1,1.0,1
3,733.3333333333334,275.3785273643051,0,0,12,4,0,123,26,1,3,0,0,0,1,0,0,1,0.9,0.8,0.8500000000000001,1,1.0,0
11,706.8181818181819,178.91719770990053,1,0,8,2,0,694,117,1,4,0,0,0,1,0,0,0,0.9,0.8,0.8500000000000001,1,1.0,3
1,750.0,0.0,0,1,12,3,0,48,7,0,3,1,0,0,0,0,0,1,0.9,0.6,0.75,0,0.6666666666666666,3
2,750.0,0.0,0,1,45,8,1,868,143,1,3,1,0,0,0,0,0,0,0.9,0.6,0.75,0,1.0,3
1,175.0,0.0,0,1,14,3,0,193,37,1,3,0,0,0,0,0,0,0,0.9,0.8,0.8500000000000001,1,1.0,2
2,450.0,0.0,0,1,13,3,0,178,34,1,4,0,0,1,0,0,0,0,0.9,0.8,0.8500000000000001,1,1.0,1
1,175.0,0.0,0,1,9,2,0,155,31,1,3,0,0,0,0,0,0,0,0.9,0.8,0.8500000000000001,1,1.0,2
1,175.0,0.0,0,1,18,4,0,274,48,1,3,1,0,0,0,0,0,0,0.9,0.8,0.8500000000000001,1,1.0,2
1,450.0,0.0,0,1,21,3,0,61,11,0,3,0,0,0,1,0,0,0,0.9,0.8,0.8500000000000001,1,1.0,1
1,750.0,0.0,0,1,58,9,1,813,148,1,3,1,0,0,0,0,0,0,0.9,0.6,0.75,0,1.0,3
5,750.0,0.0,1,1,13,2,0,695,119,1,4,0,0,1,0,0,0,0,0.9,0.6,0.75,0,1.0,3
14,750.0,0.0,1,1,46,9,1,1462,254,1,4,1,1,0,0,0,0,1,0.9,0.6,0.75,0,1.0,3
6,750.0,0.0,1,1,26,5,0,399,81,1,3,0,0,1,0,0,1,0,0.9,0.6,0.75,0,1.0,3
2,175.0,0.0,0,1,32,6,1,188,33,1,3,0,0,0,1,0,0,0,0.9,0.8,0.8500000000000001,1,1.0,2
6,750.0,0.0,1,1,15,3,0,1346,235,1,4,1,0,0,0,0,0,0,0.9,0.6,0.75,0,1.0,3
2,175.0,0.0,0,1,23,4,0,155,26,1,3,0,1,1,0,0,0,1,0.9,0.8,0.8500000000000001,1,1.0,2
5,355.0,132.75918047351755,1,0,13,2,0,175,29,1,3,0,0,0,0,0,0,0,0.9,0.8,0.8500000000000001,1,1.0,1
1,1000.0,0.0,0,1,11,3,0,188,30,1,3,1,0,0,0,0,0,1,0.9,0.4,0.65,0,1.0,0
2,600.0,212.13203435596427,0,0,26,3,0,502,89,1,4,0,1,0,0,0,0,1,0.9,0.8,0.8500000000000001,1,1.0,3
1,1000.0,0.0,0,1,12,2,0,210,37,1,3,1,0,0,0,0,0,1,0.9,0.4,0.65,0,1.0,0
1,175.0,0.0,0,1,11,2,0,130,24,1,3,0,0,0,0,0,0,0,0.9,0.8,0.8500000000000001,1,1.0,2
7,707.1428571428571,113.38934190276818,1,0,51,11,1,569,104,1,4,1,0,0,1,0,0,0,0.9,0.6,0.75,0,1.0,3
14,175.0,0.0,1,1,48,10,1,127,19,1,3,1,0,0,0,0,0,0,0.9,0.8,0.8500000000000001,1,1.0,2
2,175.0,0.0,0,1,45,7,0,183,33,1,3,0,0,0,0,0,0,0,0.9,0.8,0.8500000000000001,1,1.0,2
1,750.0,0.0,0,1,38,6,1,1146,192,1,4,0,0,1,0,0,0,1,0.9,0.6,0.75,0,1.0,3
11,706.8181818181819,178.91719770990053,1,0,53,9,1,643,105,1,3,0,1,1,0,0,0,0,0.8,0.6,0.7,0,1.0,3
1,175.0,0.0,0,1,7,2,0,100,18,0,3,0,0,1,0,0,0,0,0.9,0.8,0.8500000000000001,1,1.0,2
4,243.75,137.5,0,0,48,8,0,150,21,1,4,0,1,1,0,0,0,0,0.9,0.8,0.8500000000000001,1,1.0,2
2,750.0,0.0,0,1,20,5,0,205,35,1,3,1,0,0,0,0,0,1,0.9,0.6,0.75,0,1.0,3
14,175.0,0.0,1,1,41,8,1,150,26,1,3,1,0,0,0,0,0,0,0.9,0.8,0.8500000000000001,1,1.0,2
3,733.3333333333334,275.3785273643051,0,0,43,7,1,656,113,1,4,1,0,0,0,0,0,0,0.9,0.4,0.65,0,1.0,0
10,217.5,128.58741082323036,1,0,20,2,0,615,106,1,3,0,0,0,0,0,0,0,0.9,0.8,0.8500000000000001,1,1.0,2
1,175.0,0.0,0,1,23,5,0,98,20,0,3,0,0,0,0,0,0,0,0.9,0.8,0.8500000000000001,1,1.0,2
1,175.0,0.0,0,1,14,3,0,99,20,0,3,0,0,0,0,0,0,0,0.9,0.8,0.8500000000000001,1,1.0,2
8,831.25,250.62422069704277,1,0,28,4,0,179,29,1,3,0,0,1,1,0,0,0,0.9,0.8,0.8500000000000001,1,1.0,0
14,175.0,0.0,1,1,54,10,1,109,20,1,3,1,0,0,0,0,0,0,1.0,0.8,0.9,1,1.0,2
1,175.0,0.0,0,1,54,9,0,77,13,0,3,0,0,0,0,0,0,0,0.9,0.8,0.8500000000000001,1,1.0,2
3,175.0,0.0,0,1,36,5,0,76,14,0,3,1,1,0,0,0,0,1,0.9,0.8,0.8500000000000001,1,1.0,2
10,217.5,128.58741082323036,1,0,5,1,0,535,82,1,3,0,0,1,0,0,0,0,0.9,0.8,0.8500000000000001,1,1.0,2
1,450.0,0.0,0,1,61,10,1,136,22,1,3,1,0,0,0,0,0,0,0.9,0.8,0.8500000000000001,1,1.0,1
1,450.0,0.0,0,1,24,5,0,199,31,1,3,1,0,0,0,0,0,1,0.9,0.8,0.8500000000000001,1,1.0,1
14,750.0,0.0,1,1,57,10,1,1288,210,1,4,1,1,0,0,0,0,1,0.9,0.6,0.75,0,1.0,3
1,175.0,0.0,0,1,18,4,0,148,22,1,3,0,0,1,0,0,0,0,0.9,0.8,0.8500000000000001,1,1.0,2
14,175.0,0.0,1,1,38,7,1,109,20,1,3,1,0,0,0,0,1,0,0.9,0.8,0.8500000000000001,1,1.0,2
5,750.0,0.0,1,1,35,8,1,621,103,1,4,0,0,1,0,0,0,0,0.9,0.6,0.75,0,1.0,3
6,750.0,0.0,1,1,32,6,1,701,126,1,3,1,0,1,0,0,0,0,0.9,0.6,0.75,0,1.0,3
16,375.0,139.0443574307614,1,0,19,4,0,94,14,0,4,0,0,1,0,0,0,0,0.9,0.6,0.75,0,1.0,1
8,831.25,250.62422069704277,1,0,21,4,0,802,143,1,4,0,0,0,0,0,0,0,0.9,0.4,0.65,0,1.0,0
8,831.25,250.62422069704277,1,0,16,2,0,210,34,1,3,0,0,0,0,0,0,0,0.9,0.4,0.65,0,1.0,0
1,450.0,0.0,0,1,44,7,1,559,86,1,3,0,1,0,0,0,0,0,0.9,0.8,0.8500000000000001,1,1.0,1
2,175.0,0.0,0,1,21,4,0,114,18,1,3,0,0,0,0,0,0,0,0.9,0.8,0.8500000000000001,1,1.0,2
1,450.0,0.0,0,1,16,4,0,125,25,1,3,0,0,0,0,0,0,0,0.9,0.8,0.8500000000000001,1,1.0,1
2,175.0,0.0,0,1,41,7,0,121,15,1,3,0,0,0,1,0,0,0,0.9,0.8,0.8500000000000001,1,1.0,2
1,175.0,0.0,0,1,7,2,0,121,25,1,3,1,1,0,1,0,0,0,0.9,0.8,0.8500000000000001,1,1.0,2
1,750.0,0.0,0,1,33,7,1,233,43,1,3,0,1,0,0,0,0,0,0.9,0.6,0.75,0,1.0,3
3,650.0,173.20508075688772,0,0,52,9,1,142,24,1,3,1,0,0,0,0,0,0,0.9,0.6,0.75,0,1.0,3
1,750.0,0.0,0,1,52,8,1,777,133,1,3,0,0,1,0,0,0,0,0.9,0.6,0.75,0,1.0,3
3,833.3333333333334,144.33756729740645,0,0,31,4,1,1225,189,1,4,1,0,0,0,1,0,1,0.9,0.4,0.65,0,1.0,3
3,175.0,0.0,0,1,27,4,0,149,23,1,3,0,0,0,0,0,0,0,0.9,0.8,0.8500000000000001,1,1.0,2
5,750.0,0.0,1,1,40,8,1,242,40,1,3,1,0,1,0,0,1,0,0.9,0.6,0.75,0,1.0,3
1,175.0,0.0,0,1,41,6,0,80,13,0,3,0,0,1,0,0,0,0,0.8,0.8,0.8,1,1.0,2
14,175.0,0.0,1,1,45,8,1,98,20,0,3,1,0,0,0,0,0,0,0.9,0.8,0.8500000000000001,1,1.0,2
6,750.0,0.0,1,1,25,5,1,546,99,1,4,1,0,0,0,0,0,0,0.9,0.6,0.75,0,1.0,3
3,175.0,0.0,0,1,27,7,0,99,18,0,3,0,0,0,1,0,0,0,0.9,0.8,0.8500000000000001,1,1.0,2
1,450.0,0.0,0,1,32,6,0,95,20,0,3,0,0,0,0,0,0,0,0.9,0.8,0.8500000000000001,1,1.0,1
3,650.0,173.20508075688772,0,0,20,3,0,248,41,1,4,1,1,0,0,1,0,0,0.9,0.6,0.75,0,1.0,3
7,621.4285714285714,160.35674514745463,1,0,51,10,1,315,58,1,3,1,1,0,1,0,0,0,0.9,0.8,0.8500000000000001,1,1.0,3
1,1000.0,0.0,0,1,84,11,1,789,124,1,4,0,0,0,0,0,0,1,0.9,0.4,0.65,0,1.0,0
5,750.0,0.0,1,1,38,8,1,432,77,1,4,0,0,1,0,0,0,0,0.9,0.6,0.75,0,1.0,3
6,154.16666666666666,51.031036307982866,1,0,13,3,0,133,22,1,3,0,0,0,0,0,0,0,0.9,0.8,0.8500000000000001,1,1.0,2
6,750.0,0.0,1,1,44,8,1,412,76,1,3,1,0,1,0,0,0,0,0.9,0.6,0.75,0,1.0,3
1,750.0,0.0,0,1,28,4,1,447,76,1,4,0,1,1,0,0,0,0,0.9,0.6,0.75,0,1.0,3
5,750.0,0.0,1,1,50,7,1,1449,172,1,4,1,1,0,0,0,0,1,0.9,0.6,0.75,0,1.0,3
5,450.0,0.0,1,1,48,7,1,1121,197,1,3,1,0,0,0,0,0,0,0.9,0.8,0.8500000000000001,1,1.0,1
3,833.3333333333334,144.33756729740645,0,0,32,5,1,198,30,1,3,1,1,0,0,1,0,0,0.9,0.6,0.75,0,1.0,3
5,750.0,0.0,1,1,43,6,1,1565,183,1,4,1,1,0,0,0,0,0,0.9,0.6,0.75,0,1.0,3
11,706.8181818181819,178.91719770990053,1,0,52,9,1,161,28,1,3,0,0,1,0,0,0,0,0.9,0.6,0.75,0,1.0,3
11,706.8181818181819,178.91719770990053,1,0,61,12,1,210,35,1,4,0,0,0,0,0,0,0,0.9,0.6,0.75,0,1.0,3
2,750.0,0.0,0,1,23,5,0,792,148,1,4,0,0,0,0,0,0,0,0.9,0.6,0.75,0,1.0,3
3,833.3333333333334,144.33756729740645,0,0,40,6,1,162,24,1,4,0,0,0,0,1,0,1,0.9,0.6,0.75,0,1.0,3
5,750.0,0.0,1,1,46,7,1,1486,163,1,4,1,0,0,0,0,0,1,0.9,0.6,0.75,0,1.0,3
5,850.0,136.93063937629154,1,0,17,4,0,435,77,1,4,0,1,1,0,0,0,0,0.9,0.6,0.75,0,1.0,3
3,266.6666666666667,158.77132402714707,0,0,24,5,0,58,10,0,3,0,0,0,0,0,1,0,0.9,0.8,0.8500000000000001,1,1.0,1
2,600.0,212.13203435596427,0,0,14,3,0,158,25,1,3,0,1,1,0,0,0,0,0.9,0.8,0.8500000000000001,1,1.0,3
1,750.0,0.0,0,1,49,10,1,381,68,1,4,1,1,0,0,1,0,0,0.9,0.6,0.75,0,1.0,3
5,450.0,0.0,1,1,54,10,1,305,55,1,3,1,1,1,0,0,0,0,0.9,0.8,0.8500000000000001,1,1.0,1
2,175.0,0.0,0,1,14,2,0,122,25,1,3,0,0,0,0,0,0,1,0.9,0.8,0.8500000000000001,1,1.0,2
2,175.0,0.0,0,1,32,5,1,499,87,1,4,1,1,0,0,0,0,0,0.9,0.8,0.8500000000000001,1,1.0,2
2,750.0,0.0,0,1,33,6,0,275,43,1,4,0,1,1,0,0,0,0,0.9,0.6,0.75,0,1.0,3
2,600.0,212.13203435596427,0,0,19,3,0,49,7,0,4,0,0,1,0,0,0,1,0.9,0.6,0.75,0,0.6666666666666666,1
1,750.0,0.0,0,1,51,8,1,164,27,1,3,1,0,0,0,0,0,0,0.9,0.6,0.75,0,1.0,3
1,750.0,0.0,0,1,13,3,1,467,82,1,3,0,0,0,1,0,0,0,0.8,0.6,0.7,0,1.0,3
14,750.0,0.0,1,1,60,12,1,1101,194,1,4,1,1,0,0,0,0,1,0.9,0.6,0.75,0,1.0,3
5,750.0,0.0,1,1,47,7,1,587,98,1,4,1,1,0,0,0,0,1,0.9,0.6,0.75,0,1.0,3
1,750.0,0.0,0,1,13,2,0,768,129,1,4,0,0,0,0,0,1,0,0.9,0.6,0.75,0,1.0,3
3,175.0,0.0,0,1,14,4,0,122,25,1,3,1,0,0,0,0,0,0,0.9,0.8,0.8500000000000001,1,1.0,2
1,175.0,0.0,0,1,38,6,0,326,56,1,3,0,0,0,0,0,0,0,0.8,0.8,0.8,1,1.0,2
2,175.0,0.0,0,1,10,2,0,114,25,1,3,0,0,1,0,0,0,0,0.9,0.8,0.8500000000000001,1,1.0,2
2,600.0,212.13203435596427,0,0,16,3,0,182,30,1,3,1,0,0,0,0,0,0,0.9,0.6,0.75,0,1.0,1
5,750.0,0.0,1,1,24,4,1,332,57,1,3,0,0,1,0,0,0,0,0.9,0.6,0.75,0,1.0,3
3,750.0,0.0,0,1,35,5,1,368,62,1,3,1,1,0,1,0,0,0,0.9,0.6,0.75,0,1.0,3
1,450.0,0.0,0,1,10,1,0,569,102,1,4,0,0,1,0,0,0,0,0.9,0.8,0.8500000000000001,1,1.0,1
2,450.0,0.0,0,1,8,2,0,163,31,1,4,0,0,1,0,0,0,0,0.9,0.8,0.8500000000000001,1,1.0,1
7,621.4285714285714,160.35674514745463,1,0,43,8,1,446,80,1,3,1,1,0,0,0,0,0,0.9,0.6,0.75,0,1.0,3
5,175.0,0.0,1,1,29,5,0,109,20,1,3,1,0,0,0,0,0,0,0.9,0.8,0.8500000000000001,1,1.0,2
1,750.0,0.0,0,1,22,5,0,212,32,1,3,0,0,0,0,0,0,1,0.9,0.6,0.75,0,1.0,3
1,175.0,0.0,0,1,20,5,0,152,31,1,4,0,0,0,1,0,0,0,0.9,0.8,0.8500000000000001,1,1.0,2
1,750.0,0.0,0,1,18,2,0,253,40,1,4,0,1,1,0,1,0,0,0.9,0.6,0.75,0,1.0,3
1,175.0,0.0,0,1,19,4,0,162,29,1,3,0,0,0,1,0,0,0,0.9,0.8,0.8500000000000001,1,1.0,2
1,175.0,0.0,0,1,7,1,0,71,14,0,3,0,0,0,0,0,0,0,1.0,0.8,0.9,1,1.0,2
5,750.0,0.0,1,1,39,5,1,1616,200,1,4,1,1,0,0,0,0,1,0.9,0.6,0.75,0,1.0,3
1,175.0,0.0,0,1,50,11,1,354,66,1,3,1,0,0,0,0,0,0,0.9,0.8,0.8500000000000001,1,1.0,2
11,706.8181818181819,178.91719770990053,1,0,56,9,1,494,83,1,4,1,0,0,0,0,0,0,0.9,0.4,0.65,0,1.0,3
19,342.10526315789474,131.7754380826387,1,0,32,7,0,114,22,1,3,1,0,0,0,0,0,0,0.9,0.8,0.8500000000000001,1,1.0,1
1,450.0,0.0,0,1,16,3,0,283,50,1,3,0,0,0,0,0,0,0,0.9,0.8,0.8500000000000001,1,1.0,1
1,450.0,0.0,0,1,30,6,0,1006,177,1,3,0,0,1,0,0,0,0,0.9,0.8,0.8500000000000001,1,1.0,1
4,243.75,137.5,0,0,27,4,0,88,16,0,3,0,0,0,0,1,0,0,0.9,0.8,0.8500000000000001,1,1.0,2
1,1000.0,0.0,0,1,36,5,1,1643,285,1,4,1,0,0,0,0,0,1,0.9,0.4,0.65,0,1.0,0
1,450.0,0.0,0,1,9,2,0,142,24,1,3,0,0,1,0,0,1,0,0.9,0.8,0.8500000000000001,1,1.0,1
1,450.0,0.0,0,1,38,7,1,741,126,1,3,1,1,0,0,1,0,0,0.9,0.8,0.8500000000000001,1,1.0,1
6,175.0,0.0,1,1,15,3,0,126,23,1,3,1,0,0,0,0,0,0,0.9,0.8,0.8500000000000001,1,1.0,2
1,750.0,0.0,0,1,13,3,0,226,42,1,4,1,0,0,0,0,0,1,0.9,0.6,0.75,0,1.0,3
4,243.75,137.5,0,0,28,4,0,61,10,0,3,1,0,0,0,0,0,0,0.9,0.8,0.8500000000000001,1,1.0,2
9,750.0,0.0,1,1,59,9,1,529,77,1,3,1,1,0,0,1,0,0,0.9,0.6,0.75,0,1.0,3
7,707.1428571428571,113.38934190276818,1,0,49,8,1,191,34,1,4,1,1,0,0,0,0,1,0.8,0.6,0.7,0,1.0,3
1,175.0,0.0,0,1,29,6,0,140,26,1,3,0,0,0,0,0,1,0,0.9,0.8,0.8500000000000001,1,1.0,2
1,450.0,0.0,0,1,36,6,1,102,16,1,3,1,0,0,0,0,0,0,0.9,0.8,0.8500000000000001,1,1.0,1
1,175.0,0.0,0,1,14,3,0,93,16,0,3,0,0,0,0,0,0,0,0.9,0.8,0.8500000000000001,1,1.0,2
1,450.0,0.0,0,1,23,5,0,156,28,1,3,0,0,0,0,0,0,1,0.9,0.8,0.8500000000000001,1,1.0,1
7,707.1428571428571,113.38934190276818,1,0,18,3,0,145,26,1,3,0,0,0,0,1,0,0,0.9,0.6,0.75,0,1.0,3
1,175.0,0.0,0,1,14,2,0,163,30,1,3,0,1,0,0,0,0,0,0.9,0.8,0.8500000000000001,1,1.0,2
1,175.0,0.0,0,1,20,3,0,131,27,1,3,0,0,1,0,0,0,0,0.9,0.8,0.8500000000000001,1,1.0,2
1,450.0,0.0,0,1,11,2,0,674,121,1,3,0,0,0,0,0,1,0,0.9,0.8,0.8500000000000001,1,1.0,1
2,450.0,0.0,0,1,26,4,1,751,136,1,3,1,1,0,1,0,0,0,0.9,0.8,0.8500000000000001,1,1.0,1
10,750.0,0.0,1,1,48,9,1,110,19,1,3,1,1,0,0,0,0,1,0.9,0.6,0.75,0,1.0,3
19,342.10526315789474,131.7754380826387,1,0,10,2,0,127,22,1,3,0,0,0,0,0,0,0,0.9,0.8,0.8500000000000001,1,1.0,1
3,450.0,0.0,0,1,11,2,0,183,30,1,3,1,1,1,0,0,0,0,0.9,0.8,0.8500000000000001,1,1.0,1
8,175.0,0.0,1,1,17,3,0,125,20,1,3,1,0,0,0,0,0,0,0.9,0.8,0.8500000000000001,1,1.0,2
4,387.5,274.24137786507225,0,0,67,11,1,1680,268,1,4,1,0,0,0,0,0,0,0.9,0.6,0.75,0,1.0,1
10,175.0,0.0,1,1,45,8,0,68,13,0,3,0,1,1,0,0,0,0,0.9,0.8,0.8500000000000001,1,1.0,2
2,175.0,0.0,0,1,33,6,0,179,30,1,3,0,0,0,1,0,0,0,0.9,0.8,0.8500000000000001,1,1.0,2
10,175.0,0.0,1,1,10,3,0,74,16,0,3,0,0,0,0,0,0,0,0.9,0.8,0.8500000000000001,1,1.0,2
1,450.0,0.0,0,1,22,5,0,508,80,1,3,0,1,0,1,0,0,0,0.9,0.8,0.8500000000000001,1,1.0,1
16,375.0,139.0443574307614,1,0,54,11,1,148,24,1,3,1,0,0,0,0,0,0,0.9,0.8,0.8500000000000001,1,1.0,1
10,750.0,0.0,1,1,60,11,0,149,19,1,3,1,1,0,1,0,0,0,0.8,0.6,0.7,0,1.0,3
4,243.75,137.5,0,0,13,2,0,168,30,1,3,1,0,0,0,0,0,1,0.9,0.8,0.8500000000000001,1,1.0,2
5,750.0,0.0,1,1,23,4,1,37,7,0,3,0,0,1,0,0,0,0,0.9,0.6,0.75,0,0.6666666666666666,3
1,175.0,0.0,0,1,12,3,0,154,24,1,3,0,0,0,1,0,0,0,0.9,0.8,0.8500000000000001,1,1.0,2
2,175.0,0.0,0,1,19,4,0,172,34,1,4,0,0,1,0,0,0,1,0.9,0.8,0.8500000000000001,1,1.0,2
16,375.0,139.0443574307614,1,0,64,12,1,256,48,1,3,0,0,0,0,0,0,0,0.9,0.8,0.8500000000000001,1,1.0,1
2,750.0,0.0,0,1,31,7,0,469,78,1,3,1,0,1,0,0,0,0,0.9,0.6,0.75,0,1.0,3
3,266.6666666666667,158.77132402714707,0,0,22,4,0,111,20,1,3,0,0,1,0,0,1,0,0.9,0.8,0.8500000000000001,1,1.0,1
1,450.0,0.0,0,1,12,2,0,226,38,1,3,0,0,0,0,0,1,0,0.9,0.8,0.8500000000000001,1,1.0,1
2,750.0,0.0,0,1,26,5,1,126,17,1,3,0,0,1,0,0,0,0,0.9,0.6,0.75,0,1.0,3
16,375.0,139.0443574307614,1,0,62,10,1,393,73,1,4,0,0,0,0,0,0,1,0.9,0.8,0.8500000000000001,1,1.0,1
16,375.0,139.0443574307614,1,0,57,10,1,164,28,1,3,1,0,0,0,0,0,0,0.9,0.8,0.8500000000000001,1,1.0,1
1,175.0,0.0,0,1,15,3,0,170,25,1,3,1,0,0,0,0,0,1,0.9,0.8,0.8500000000000001,1,1.0,2
4,875.0,144.33756729740642,0,0,36,6,1,208,33,1,3,1,0,0,0,0,0,0,0.9,0.6,0.75,0,1.0,3
5,450.0,0.0,1,1,16,4,0,140,26,1,3,0,0,0,0,0,1,0,0.9,0.8,0.8500000000000001,1,1.0,1
3,175.0,0.0,0,1,33,6,0,95,17,0,3,0,0,0,0,0,0,0,0.9,0.8,0.8500000000000001,1,1.0,2
4,243.75,137.5,0,0,7,1,0,85,15,0,3,0,0,0,0,0,0,0,0.9,0.8,0.8500000000000001,1,1.0,2
1,175.0,0.0,0,1,39,9,0,136,24,1,3,0,0,0,1,0,0,0,0.9,0.8,0.8500000000000001,1,1.0,2
16,375.0,139.0443574307614,1,0,59,10,1,335,71,1,4,0,0,0,0,0,0,0,0.9,0.8,0.8500000000000001,1,1.0,1
1,175.0,0.0,0,1,22,3,0,66,13,0,3,0,0,1,0,0,0,0,1.0,0.8,0.9,1,1.0,2
16,375.0,139.0443574307614,1,0,50,11,1,181,35,1,3,0,0,0,0,0,0,0,0.9,0.8,0.8500000000000001,1,1.0,1
1,450.0,0.0,0,1,23,4,0,80,15,0,3,1,0,0,0,0,0,0,0.9,0.8,0.8500000000000001,1,1.0,1
1,750.0,0.0,0,1,15,4,0,116,19,1,3,0,0,0,0,0,0,0,0.8,0.6,0.7,0,1.0,3
2,750.0,0.0,0,1,53,8,1,632,107,1,4,1,1,0,0,0,0,1,0.9,0.6,0.75,0,1.0,3
1,175.0,0.0,0,1,29,6,0,115,21,1,3,0,0,0,0,0,0,1,0.9,0.8,0.8500000000000001,1,1.0,2
1,450.0,0.0,0,1,29,6,0,104,19,1,3,0,0,0,0,0,0,0,0.9,0.8,0.8500000000000001,1,1.0,1
1,175.0,0.0,0,1,5,1,1,668,126,1,3,0,0,0,1,0,0,0,0.9,0.8,0.8500000000000001,1,1.0,2
1,450.0,0.0,0,1,17,3,0,189,37,1,3,0,0,0,0,0,0,0,0.9,0.8,0.8500000000000001,1,1.0,1
1,250.0,0.0,0,1,28,7,0,195,36,1,3,0,0,0,1,0,0,0,0.9,0.6,0.75,0,1.0,4
1,175.0,0.0,0,1,13,3,0,209,35,1,3,1,0,0,1,0,0,0,0.9,0.8,0.8500000000000001,1,1.0,2
2,600.0,212.13203435596427,0,0,10,1,0,833,149,1,4,0,0,1,0,0,0,1,0.9,0.6,0.75,0,1.0,1
2,750.0,0.0,0,1,25,5,0,195,33,1,3,0,0,0,0,0,0,1,0.9,0.6,0.75,0,1.0,3
1,450.0,0.0,0,1,24,6,0,52,10,0,3,0,0,0,1,0,1,0,0.9,0.8,0.8500000000000001,1,1.0,1
1,450.0,0.0,0,1,13,2,0,163,31,1,3,0,0,0,0,0,0,1,0.9,0.8,0.8500000000000001,1,1.0,1
3,175.0,0.0,0,1,26,4,0,290,54,1,3,0,0,0,1,0,0,0,0.9,0.8,0.8500000000000001,1,1.0,2
1,175.0,0.0,0,1,17,3,0,126,23,1,3,1,1,0,1,0,0,0,0.9,0.8,0.8500000000000001,1,1.0,2
3,650.0,173.20508075688772,0,0,15,4,0,121,21,1,3,0,0,1,0,0,0,0,0.9,0.6,0.75,0,1.0,3
5,175.0,0.0,1,1,35,6,0,80,14,0,3,0,0,0,0,0,0,0,1.0,0.8,0.9,1,1.0,2
16,375.0,139.0443574307614,1,0,66,12,1,433,73,1,3,0,0,0,0,0,1,0,0.9,0.8,0.8500000000000001,1,1.0,1
3,750.0,0.0,0,1,25,4,1,687,115,1,3,1,0,1,0,1,0,0,0.9,0.6,0.75,0,1.0,3
1,175.0,0.0,0,1,23,5,0,84,15,0,4,0,0,0,0,0,0,0,0.9,0.4,0.65,0,1.0,4
6,750.0,0.0,1,1,25,5,0,412,76,1,3,1,0,1,0,0,0,0,0.9,0.6,0.75,0,1.0,3
2,600.0,212.13203435596427,0,0,32,6,0,684,109,1,4,0,0,0,0,0,0,0,0.8,0.6,0.7,0,1.0,3
16,375.0,139.0443574307614,1,0,57,12,1,337,67,1,3,0,0,0,1,0,0,0,0.9,0.8,0.8500000000000001,1,1.0,1
5,750.0,0.0,1,1,23,4,1,559,88,1,4,0,0,1,0,0,0,1,0.9,0.6,0.75,0,1.0,3
1,750.0,0.0,0,1,56,9,1,237,38,1,3,1,0,0,0,0,0,0,0.9,0.6,0.75,0,1.0,3
1,175.0,0.0,0,1,30,6,0,121,21,1,3,0,0,0,0,0,0,0,0.9,0.8,0.8500000000000001,1,1.0,2
2,175.0,0.0,0,1,23,4,0,129,24,1,3,0,0,1,0,0,0,0,0.9,0.8,0.8500000000000001,1,1.0,2
1,175.0,0.0,0,1,8,1,0,190,36,1,3,0,0,0,0,0,0,0,0.9,0.8,0.8500000000000001,1,1.0,2
1,175.0,0.0,0,1,16,4,0,138,24,1,3,0,0,0,0,0,0,1,0.9,0.8,0.8500000000000001,1,1.0,2
1,175.0,0.0,0,1,19,4,0,95,18,0,3,0,0,0,0,0,0,0,0.9,0.8,0.8500000000000001,1,1.0,2
1,175.0,0.0,0,1,21,4,0,129,24,1,3,1,0,0,0,0,0,0,0.9,0.8,0.8500000000000001,1,1.0,2
1,750.0,0.0,0,1,37,6,1,665,114,1,3,0,1,0,1,0,0,0,0.9,0.6,0.75,0,1.0,3
1,50.0,0.0,0,1,17,2,0,95,17,0,3,0,0,1,0,0,0,0,1.0,0.6,0.8,1,1.0,2
1,175.0,0.0,0,1,15,3,0,214,39,1,3,0,1,0,1,0,0,0,0.9,0.8,0.8500000000000001,1,1.0,2
1,450.0,0.0,0,1,52,9,0,133,26,1,3,0,1,0,0,0,0,1,0.9,0.8,0.8500000000000001,1,1.0,1
1,175.0,0.0,0,1,46,8,0,472,81,1,3,1,0,0,0,0,0,0,0.9,0.8,0.8500000000000001,1,1.0,2
2,600.0,212.13203435596427,0,0,14,2,0,192,35,1,4,0,0,1,0,0,0,0,0.9,0.8,0.8500000000000001,1,1.0,3
2,175.0,0.0,0,1,18,3,0,187,30,1,3,0,0,1,1,0,0,0,0.9,0.8,0.8500000000000001,1,1.0,2
1,175.0,0.0,0,1,68,12,0,140,26,1,3,0,0,1,0,1,0,0,0.9,0.8,0.8500000000000001,1,1.0,2
1,1000.0,0.0,0,1,32,7,1,755,127,1,3,0,0,0,0,0,0,0,0.9,0.4,0.65,0,1.0,0
1,175.0,0.0,0,1,11,2,0,180,34,1,3,0,0,0,0,0,0,1,0.9,0.8,0.8500000000000001,1,1.0,2
1,175.0,0.0,0,1,33,7,0,144,24,1,3,0,0,0,0,0,0,0,0.9,0.8,0.8500000000000001,1,1.0,2
1,750.0,0.0,0,1,11,2,0,133,19,1,3,0,1,1,0,0,0,0,0.9,0.6,0.75,0,1.0,3
1,450.0,0.0,0,1,25,4,0,163,29,1,4,0,0,1,0,0,0,0,0.9,0.8,0.8500000000000001,1,1.0,1
4,450.0,0.0,0,1,14,3,0,1055,179,1,3,1,0,1,0,0,0,0,0.9,0.8,0.8500000000000001,1,1.0,1
1,175.0,0.0,0,1,24,5,0,157,30,1,4,1,0,0,0,0,0,0,0.9,0.8,0.8500000000000001,1,1.0,2
1,750.0,0.0,0,1,33,8,1,746,133,1,4,1,1,1,0,0,0,0,0.8,0.6,0.7,0,1.0,3
1,450.0,0.0,0,1,60,11,1,241,42,1,3,0,0,0,1,0,0,0,0.9,0.8,0.8500000000000001,1,1.0,1
1,750.0,0.0,0,1,18,3,0,1547,286,1,4,1,0,0,0,0,0,1,0.8,0.6,0.7,0,1.0,3
1,175.0,0.0,0,1,13,2,0,280,51,1,3,1,0,0,1,0,0,0,0.9,0.8,0.8500000000000001,1,1.0,2
1,175.0,0.0,0,1,11,2,0,101,18,1,3,0,0,0,0,0,0,0,0.9,0.8,0.8500000000000001,1,1.0,2
1,450.0,0.0,0,1,49,7,0,311,50,1,3,1,0,0,0,0,0,0,0.9,0.8,0.8500000000000001,1,1.0,1
2,175.0,0.0,0,1,38,5,0,97,13,0,3,0,0,0,0,0,0,1,0.9,0.8,0.8500000000000001,1,1.0,2
1,750.0,0.0,0,1,33,5,1,195,31,1,3,0,1,0,0,0,0,0,0.8,0.6,0.7,0,1.0,3
1,175.0,0.0,0,1,19,4,0,168,32,1,3,0,0,1,0,0,0,0,0.9,0.8,0.8500000000000001,1,1.0,2
2,450.0,0.0,0,1,31,8,0,585,108,1,4,0,1,0,1,0,0,0,0.9,0.8,0.8500000000000001,1,1.0,1
1,175.0,0.0,0,1,15,3,0,206,38,1,3,0,0,0,0,0,0,0,0.9,0.8,0.8500000000000001,1,1.0,2
2,175.0,0.0,0,1,24,5,0,98,20,0,3,1,0,0,1,0,0,0,0.9,0.8,0.8500000000000001,1,1.0,2
1,175.0,0.0,0,1,12,2,0,107,21,1,3,0,0,0,0,0,0,1,0.9,0.8,0.8500000000000001,1,1.0,2
1,175.0,0.0,0,1,15,3,0,79,17,0,3,0,0,0,0,0,0,0,0.9,0.8,0.8500000000000001,1,1.0,2
1,175.0,0.0,0,1,17,3,0,87,16,0,3,0,0,0,1,0,0,0,0.9,0.8,0.8500000000000001,1,1.0,2
2,450.0,0.0,0,1,15,3,0,238,41,1,3,1,1,0,0,0,0,0,0.9,0.8,0.8500000000000001,1,1.0,1
1,750.0,0.0,0,1,19,4,0,675,117,1,4,0,0,1,0,0,0,1,0.9,0.6,0.75,0,1.0,3
1,175.0,0.0,0,1,35,9,0,235,42,1,3,0,0,0,0,0,0,0,0.9,0.8,0.8500000000000001,1,1.0,2
1,175.0,0.0,0,1,10,2,0,206,36,1,3,1,0,0,0,0,0,0,0.9,0.8,0.8500000000000001,1,1.0,2
1,175.0,0.0,0,1,33,7,0,59,10,0,4,0,0,0,0,0,0,0,1.0,0.8,0.9,1,1.0,2
1,175.0,0.0,0,1,19,2,0,131,27,1,3,0,0,1,0,0,0,0,0.9,0.8,0.8500000000000001,1,1.0,2
1,175.0,0.0,0,1,20,3,0,101,18,1,3,1,0,0,0,0,0,1,0.9,0.8,0.8500000000000001,1,1.0,2
1,175.0,0.0,0,1,17,4,0,113,23,1,3,0,0,0,0,0,0,0,0.9,0.8,0.8500000000000001,1,1.0,2
1,175.0,0.0,0,1,12,3,0,81,15,0,3,0,0,1,0,0,0,0,0.9,0.8,0.8500000000000001,1,1.0,2
4,287.5,136.16778865306827,0,0,19,3,0,125,22,1,3,0,0,0,0,0,0,1,0.9,0.8,0.8500000000000001,1,1.0,2
1,175.0,0.0,0,1,31,5,0,176,34,1,3,1,0,0,0,0,0,0,0.9,0.8,0.8500000000000001,1,1.0,2
1,750.0,0.0,0,1,12,2,0,847,155,1,4,1,0,0,0,0,0,0,0.9,0.6,0.75,0,1.0,3
1,175.0,0.0,0,1,27,4,0,127,22,1,3,1,1,0,0,0,0,1,0.9,0.8,0.8500000000000001,1,1.0,2
3,750.0,0.0,0,1,25,4,1,751,127,1,4,1,1,0,0,1,0,0,0.9,0.6,0.75,0,1.0,3
1,175.0,0.0,0,1,15,4,0,168,30,1,3,0,0,0,0,0,0,0,0.9,0.8,0.8500000000000001,1,1.0,2
4,250.0,0.0,0,1,25,5,0,223,39,1,3,1,0,0,1,0,0,0,0.0,0.6,0.3,0,1.0,4
9,205.55555555555554,91.66666666666667,1,0,27,4,0,330,62,1,3,0,0,0,0,0,0,0,0.0,0.6,0.3,0,1.0,2
5,635.0,257.14781741247583,1,0,15,3,0,1556,263,1,3,1,0,0,0,0,0,0,0.0,0.6,0.3,0,1.0,1
32,262.5,33.60107525161235,1,1,18,4,0,677,124,1,3,1,0,0,1,0,0,0,1.0,0.6,0.8,1,1.0,2
4,175.0,0.0,0,1,14,2,0,90,18,0,3,0,0,0,0,0,0,0,0.0,0.6,0.3,0,1.0,2
32,262.5,33.60107525161235,1,1,39,10,1,191,37,1,3,0,0,0,1,0,0,0,0.0,0.6,0.3,0,1.0,2
5,635.0,257.14781741247583,1,0,23,4,0,735,135,1,4,0,0,0,1,1,1,1,0.9,0.4,0.65,0,1.0,1
32,262.5,33.60107525161235,1,1,9,2,0,1031,184,1,3,0,0,0,0,0,0,0,0.0,0.6,0.3,0,1.0,2
32,262.5,33.60107525161235,1,1,31,5,0,185,32,1,3,0,0,0,0,0,0,0,0.0,0.6,0.3,0,1.0,2
32,262.5,33.60107525161235,1,1,39,8,0,107,19,1,3,1,0,0,1,0,0,0,0.0,0.6,0.3,0,1.0,2
12,750.0,0.0,1,1,7,1,0,622,106,1,3,1,0,0,1,0,0,0,0.0,0.6,0.3,0,1.0,1
3,291.6666666666667,101.0362971081845,0,0,18,4,0,855,153,1,3,0,1,0,0,0,0,0,0.0,0.6,0.3,0,1.0,2
32,262.5,33.60107525161235,1,1,25,5,0,254,42,1,4,0,0,0,0,0,0,0,0.0,0.6,0.3,0,1.0,2
7,225.0,85.39125638299666,1,0,45,9,1,634,85,1,3,1,0,0,0,0,0,1,0.9,0.6,0.75,0,1.0,2
1,175.0,0.0,0,1,25,6,0,598,98,1,3,0,0,1,0,0,0,0,0.8,0.6,0.7,0,1.0,2
32,262.5,33.60107525161235,1,1,19,4,0,151,27,1,3,1,0,0,0,0,0,1,0.0,0.6,0.3,0,1.0,2
12,750.0,0.0,1,1,54,8,1,686,119,1,3,0,1,0,1,0,0,0,0.9,0.6,0.75,0,1.0,1
12,750.0,0.0,1,1,7,2,0,478,87,1,4,1,1,0,0,0,0,0,0.0,0.6,0.3,0,1.0,1
12,750.0,0.0,1,1,25,5,0,900,139,1,4,1,1,0,1,0,0,0,0.9,0.6,0.75,0,1.0,1
3,291.6666666666667,101.0362971081845,0,0,12,3,0,802,155,1,3,1,0,0,0,0,0,0,1.0,0.6,0.8,1,1.0,2
32,262.5,33.60107525161235,1,1,12,3,0,1152,191,1,3,1,0,0,0,0,0,0,0.0,0.6,0.3,0,1.0,2
3,233.33333333333334,101.0362971081845,0,0,29,5,1,924,166,1,3,0,1,1,0,0,0,0,0.0,0.6,0.3,0,1.0,2
5,635.0,257.14781741247583,1,0,10,2,0,44,7,0,3,0,0,0,1,0,1,0,0.0,0.4,0.2,0,0.6666666666666666,1
32,262.5,33.60107525161235,1,1,31,5,0,122,23,1,3,0,0,0,0,0,1,0,0.0,0.6,0.3,0,1.0,2
18,516.6666666666666,97.0142500145332,1,0,49,9,1,543,90,1,3,1,1,0,0,0,0,0,0.0,0.6,0.3,0,1.0,1
18,516.6666666666666,97.0142500145332,1,0,28,5,1,755,110,1,3,1,0,0,0,0,0,0,0.0,0.8,0.4,0,1.0,1
32,262.5,33.60107525161235,1,1,10,3,0,155,26,1,3,0,0,0,0,0,0,0,0.0,0.6,0.3,0,1.0,2
32,262.5,33.60107525161235,1,1,22,4,0,197,38,1,3,1,0,0,0,0,0,1,0.0,0.6,0.3,0,1.0,2
4,175.0,0.0,0,1,17,3,0,110,22,1,3,0,0,1,0,0,0,0,0.0,0.6,0.3,0,1.0,2
5,635.0,257.14781741247583,1,0,20,5,0,44,7,0,3,0,0,0,1,0,1,0,0.0,0.4,0.2,0,0.6666666666666666,1
7,225.0,85.39125638299666,1,0,42,8,1,677,94,1,3,1,1,0,0,0,0,0,0.0,0.6,0.3,0,1.0,2
32,262.5,33.60107525161235,1,1,45,10,0,607,100,1,3,0,0,0,1,0,0,0,0.9,0.6,0.75,0,1.0,2
1,250.0,0.0,0,1,16,3,0,143,27,1,3,0,0,0,0,0,0,0,0.0,0.8,0.4,0,1.0,4
6,725.0,209.16500663351889,1,0,43,8,1,441,62,1,3,0,0,1,0,0,0,0,0.0,0.6,0.3,0,1.0,4
6,725.0,209.16500663351889,1,0,36,7,0,690,115,1,4,0,0,0,0,0,0,1,0.0,0.4,0.2,0,1.0,4
32,262.5,33.60107525161235,1,1,30,6,0,373,54,1,3,0,0,0,1,0,0,0,0.0,0.6,0.3,0,1.0,2
2,462.5,406.5863991822648,0,0,28,5,0,1028,169,1,3,1,1,0,0,0,0,0,0.0,0.6,0.3,0,1.0,3
4,250.0,0.0,0,1,20,4,0,95,17,0,3,0,0,0,1,0,0,0,0.0,0.6,0.3,0,1.0,4
9,205.55555555555554,91.66666666666667,1,0,19,3,0,466,74,1,4,0,0,0,0,0,0,0,0.0,0.6,0.3,0,1.0,2
18,516.6666666666666,97.0142500145332,1,0,30,5,1,611,84,1,3,0,0,0,0,0,0,0,0.0,0.6,0.3,0,1.0,1
8,525.0,290.01231500945414,1,0,18,3,0,705,122,1,4,0,0,1,0,0,0,1,0.0,0.4,0.2,0,1.0,1
6,175.0,0.0,1,1,27,4,1,516,86,1,3,1,0,0,0,0,0,1,0.0,0.6,0.3,0,1.0,2
32,262.5,33.60107525161235,1,1,22,4,0,139,23,1,3,0,0,0,0,0,0,0,0.0,0.6,0.3,0,1.0,2
32,262.5,33.60107525161235,1,1,35,6,1,795,144,1,3,0,0,0,0,0,1,0,0.0,0.6,0.3,0,1.0,2
7,225.0,85.39125638299666,1,0,42,9,1,365,55,1,3,1,1,0,0,0,0,0,0.0,0.6,0.3,0,1.0,2
12,750.0,0.0,1,1,9,2,0,125,21,1,4,1,0,0,0,0,0,0,0.0,0.6,0.3,0,1.0,1
9,205.55555555555554,91.66666666666667,1,0,20,4,0,185,35,1,4,0,0,0,0,0,0,0,0.0,0.6,0.3,0,1.0,2
18,516.6666666666666,97.0142500145332,1,0,33,6,1,539,89,1,3,1,0,1,0,0,0,0,0.0,0.6,0.3,0,1.0,1
3,916.6666666666666,144.33756729740645,0,0,39,7,1,1093,175,1,4,0,0,0,0,0,0,0,0.0,0.8,0.4,0,1.0,0
3,175.0,0.0,0,1,5,1,0,716,129,1,3,0,0,0,0,0,0,1,0.0,0.6,0.3,0,1.0,2
18,516.6666666666666,97.0142500145332,1,0,29,5,1,553,78,1,3,0,0,1,0,0,0,0,0.9,0.8,0.8500000000000001,1,1.0,1
32,262.5,33.60107525161235,1,1,22,4,0,118,20,1,3,0,0,0,1,0,0,0,0.0,0.6,0.3,0,1.0,2
12,750.0,0.0,1,1,57,9,1,161,26,1,3,0,1,1,1,0,0,0,0.0,0.6,0.3,0,1.0,1
32,262.5,33.60107525161235,1,1,16,5,0,219,39,1,3,0,1,0,1,0,0,0,0.0,0.6,0.3,0,1.0,2
1,750.0,0.0,0,1,12,2,0,1466,237,1,4,0,0,0,0,0,0,0,0.0,0.6,0.3,0,1.0,4
18,516.6666666666666,97.0142500145332,1,0,33,5,1,278,47,1,3,1,1,0,0,0,1,0,0.0,0.6,0.3,0,1.0,1
12,750.0,0.0,1,1,9,2,0,388,73,1,3,0,0,0,0,1,1,0,0.9,0.6,0.75,0,1.0,1
9,205.55555555555554,91.66666666666667,1,0,32,7,0,198,35,1,3,0,0,0,1,0,0,0,0.0,0.6,0.3,0,1.0,2
18,516.6666666666666,97.0142500145332,1,0,34,6,1,942,151,1,4,0,0,0,0,0,0,0,0.0,0.6,0.3,0,1.0,1
9,205.55555555555554,91.66666666666667,1,0,22,4,0,186,36,1,2,0,0,0,0,0,0,0,1.0,0.6,0.8,1,1.0,2
6,725.0,209.16500663351889,1,0,47,8,1,140,26,1,4,1,0,0,0,0,0,0,0.0,0.6,0.3,0,1.0,4
4,250.0,0.0,0,1,18,3,0,149,29,1,4,0,0,1,1,0,0,0,0.0,0.6,0.3,0,1.0,4
18,516.6666666666666,97.0142500145332,1,0,34,6,1,276,47,1,3,1,0,0,0,0,0,0,0.0,0.6,0.3,0,1.0,1
5,850.0,136.93063937629154,1,0,37,8,1,873,160,1,3,1,0,0,0,0,0,0,0.0,0.4,0.2,0,1.0,3
32,262.5,33.60107525161235,1,1,19,5,0,44,6,0,3,0,0,0,0,0,0,0,0.0,0.6,0.3,0,0.6666666666666666,2
18,516.6666666666666,97.0142500145332,1,0,35,6,1,403,70,1,3,1,1,0,0,0,0,0,0.0,0.6,0.3,0,1.0,1
18,516.6666666666666,97.0142500145332,1,0,41,7,1,544,89,1,4,0,0,0,0,0,0,0,0.0,0.6,0.3,0,1.0,1
1,850.0,0.0,0,1,61,11,1,531,91,1,4,1,0,0,0,0,0,1,0.0,0.8,0.4,0,1.0,4
3,266.6666666666667,158.77132402714707,0,0,11,3,0,449,78,1,3,0,0,0,0,0,0,0,0.0,0.6,0.3,0,1.0,1
32,262.5,33.60107525161235,1,1,19,5,0,109,19,1,3,0,0,0,1,0,0,0,0.0,0.6,0.3,0,1.0,2
2,250.0,0.0,0,1,45,6,0,104,16,1,3,0,0,0,0,0,0,0,0.0,0.8,0.4,0,1.0,4
32,262.5,33.60107525161235,1,1,30,4,0,120,23,1,3,1,0,0,0,0,0,0,0.0,0.6,0.3,0,1.0,2
32,262.5,33.60107525161235,1,1,28,4,0,208,31,1,3,0,0,0,0,0,0,0,0.0,0.6,0.3,0,1.0,2
32,262.5,33.60107525161235,1,1,20,4,0,120,20,1,3,0,0,0,0,0,0,0,0.0,0.6,0.3,0,1.0,2
12,750.0,0.0,1,1,16,3,0,103,16,1,3,0,0,0,0,0,0,0,0.0,0.6,0.3,0,1.0,1
9,205.55555555555554,91.66666666666667,1,0,13,3,0,75,12,0,3,0,0,0,0,0,0,0,0.0,0.6,0.3,0,1.0,2
32,262.5,33.60107525161235,1,1,22,4,0,78,12,0,3,1,0,0,0,0,0,0,0.0,0.6,0.3,0,1.0,2
3,233.33333333333334,101.0362971081845,0,0,37,6,1,214,35,1,3,0,0,1,0,0,0,0,0.0,0.8,0.4,0,1.0,2
32,262.5,33.60107525161235,1,1,29,7,0,739,138,1,3,0,0,0,1,0,0,0,0.9,0.6,0.75,0,1.0,2
32,262.5,33.60107525161235,1,1,27,7,0,111,23,1,3,0,0,0,1,0,0,0,0.0,0.6,0.3,0,1.0,2
32,262.5,33.60107525161235,1,1,38,9,0,103,19,1,4,0,0,0,0,0,0,0,0.0,0.6,0.3,0,1.0,2
4,250.0,0.0,0,1,21,3,0,53,8,0,3,0,0,0,0,0,0,0,0.0,0.6,0.3,0,1.0,4
32,262.5,33.60107525161235,1,1,16,2,0,336,58,1,3,0,0,0,1,0,0,0,0.0,0.6,0.3,0,1.0,2
18,516.6666666666666,97.0142500145332,1,0,27,3,0,109,22,1,3,0,0,0,0,0,0,0,0.0,0.6,0.3,0,1.0,1
1,175.0,0.0,0,1,25,4,0,750,119,1,3,1,1,0,0,0,1,0,0.0,0.6,0.3,0,1.0,4
1,1000.0,0.0,0,1,38,6,1,357,60,1,4,1,0,0,0,0,0,1,0.0,0.4,0.2,0,1.0,4
5,635.0,257.14781741247583,1,0,33,7,0,90,15,0,3,0,0,0,0,0,0,0,0.0,0.4,0.2,0,1.0,1
18,516.6666666666666,97.0142500145332,1,0,27,4,1,301,53,1,3,1,0,1,0,0,0,0,0.0,0.6,0.3,0,1.0,1
32,262.5,33.60107525161235,1,1,20,5,0,57,12,0,3,1,0,0,0,0,0,0,0.0,0.6,0.3,0,1.0,2
4,175.0,0.0,0,1,12,3,0,97,16,0,3,0,0,0,0,0,0,0,0.9,0.6,0.75,0,1.0,2
6,725.0,209.16500663351889,1,0,7,1,0,324,53,1,3,1,0,0,0,0,0,0,0.0,0.6,0.3,0,1.0,4
18,516.6666666666666,97.0142500145332,1,0,36,6,1,340,63,1,3,1,0,0,0,0,0,0,0.0,0.6,0.3,0,1.0,1
14,175.0,0.0,1,1,30,4,0,176,27,1,3,1,0,0,0,0,0,1,0.0,0.6,0.3,0,1.0,2
9,205.55555555555554,91.66666666666667,1,0,55,9,1,71,12,0,2,1,0,0,0,0,0,0,0.9,0.6,0.75,0,1.0,2
1,1000.0,0.0,0,1,15,3,0,284,54,1,4,1,0,1,0,0,0,1,0.0,0.8,0.4,0,1.0,4
9,205.55555555555554,91.66666666666667,1,0,16,4,0,123,19,1,3,0,0,0,0,0,0,0,0.0,0.6,0.3,0,1.0,2
7,225.0,85.39125638299666,1,0,33,8,1,31,5,0,3,1,0,0,1,0,0,0,0.0,0.6,0.3,0,0.6666666666666666,2
1,175.0,0.0,0,1,35,8,0,830,143,1,3,0,0,0,0,0,0,0,0.0,0.8,0.4,0,1.0,4
4,175.0,0.0,0,1,17,3,0,169,30,1,3,0,0,1,0,0,0,0,0.0,0.6,0.3,0,1.0,2
1,175.0,0.0,0,1,10,2,0,595,99,1,3,0,0,0,1,0,0,0,0.0,0.6,0.3,0,1.0,4
16,375.0,139.0443574307614,1,0,62,12,1,586,94,1,4,1,0,0,0,0,1,0,0.0,0.8,0.4,0,1.0,1
32,262.5,33.60107525161235,1,1,21,3,0,199,39,1,3,0,1,0,0,0,0,0,0.0,0.6,0.3,0,1.0,2
32,262.5,33.60107525161235,1,1,31,8,0,130,26,1,3,0,0,0,0,0,0,0,0.0,0.6,0.3,0,1.0,2
6,725.0,209.16500663351889,1,0,22,3,1,389,60,1,3,0,0,0,0,0,0,0,0.0,0.6,0.3,0,1.0,4
4,875.0,144.33756729740642,0,0,37,6,1,564,102,1,4,1,0,0,0,0,0,1,0.0,0.8,0.4,0,1.0,3
18,516.6666666666666,97.0142500145332,1,0,34,6,1,416,71,1,3,1,1,0,0,0,0,1,0.0,0.6,0.3,0,1.0,1
9,205.55555555555554,91.66666666666667,1,0,15,2,0,126,20,1,3,0,0,0,0,0,0,0,0.0,0.6,0.3,0,1.0,2
1,1000.0,0.0,0,1,37,6,1,679,114,1,4,1,1,0,0,0,0,0,0.0,0.4,0.2,0,1.0,4
4,287.5,136.16778865306827,0,0,42,9,1,64,13,0,3,1,0,0,0,0,0,0,0.0,0.6,0.3,0,1.0,2
18,516.6666666666666,97.0142500145332,1,0,32,6,1,251,40,1,3,1,1,0,0,0,0,0,0.0,0.6,0.3,0,1.0,1
1,175.0,0.0,0,1,4,1,0,184,33,1,4,0,0,0,0,0,0,0,0.0,0.6,0.3,0,1.0,4
18,516.6666666666666,97.0142500145332,1,0,45,6,1,238,10,1,3,0,0,0,0,0,0,0,0.8,0.6,0.7,0,1.0,1
10,217.5,128.58741082323036,1,0,13,4,0,320,54,1,3,0,0,0,0,0,1,0,0.0,0.6,0.3,0,1.0,2
6,725.0,209.16500663351889,1,0,13,2,0,163,29,1,3,0,0,0,0,0,0,1,0.0,0.6,0.3,0,1.0,4
32,262.5,33.60107525161235,1,1,31,6,0,181,35,1,3,0,0,0,1,0,0,0,0.0,0.6,0.3,0,1.0,2
16,375.0,139.0443574307614,1,0,66,12,1,330,56,1,3,1,0,0,0,0,0,0,0.0,0.8,0.4,0,1.0,1
1,175.0,0.0,0,1,43,8,0,138,25,1,3,1,0,1,0,0,0,0,0.0,0.6,0.3,0,1.0,4
7,225.0,85.39125638299666,1,0,44,9,1,186,35,1,3,1,1,0,0,0,0,0,0.0,0.6,0.3,0,1.0,2
12,750.0,0.0,1,1,32,7,0,44,7,0,3,1,0,0,1,0,0,0,0.0,0.6,0.3,0,0.3333333333333333,1
12,750.0,0.0,1,1,16,2,0,133,17,1,3,0,0,0,1,0,1,0,0.9,0.6,0.75,0,1.0,1
16,375.0,139.0443574307614,1,0,64,12,1,180,30,1,3,0,0,0,1,0,0,0,0.0,0.8,0.4,0,1.0,1
1,175.0,0.0,0,1,35,9,1,1012,179,1,3,0,0,0,0,0,0,0,0.0,0.8,0.4,0,1.0,4
18,516.6666666666666,97.0142500145332,1,0,5,1,0,614,116,1,4,1,0,1,0,0,0,1,0.0,0.6,0.3,0,1.0,1
1,175.0,0.0,0,1,18,3,0,537,88,1,3,0,0,0,0,0,0,0,0.0,0.6,0.3,0,1.0,4
2,250.0,0.0,0,1,58,8,1,228,34,1,3,0,0,0,0,0,0,0,0.0,0.8,0.4,0,1.0,4
12,750.0,0.0,1,1,43,6,1,515,82,1,3,0,1,0,0,0,0,1,0.9,0.6,0.75,0,1.0,1
12,750.0,0.0,1,1,16,3,0,1141,201,1,3,1,0,0,0,0,0,0,0.0,0.6,0.3,0,1.0,1
16,375.0,139.0443574307614,1,0,57,11,1,377,69,1,3,0,0,0,0,0,0,0,0.0,0.8,0.4,0,1.0,1
16,375.0,139.0443574307614,1,0,66,12,1,298,51,1,3,1,0,0,0,0,0,0,0.0,0.8,0.4,0,1.0,1
16,375.0,139.0443574307614,1,0,62,12,1,329,59,1,3,0,0,1,0,0,0,0,0.0,0.8,0.4,0,1.0,1
18,516.6666666666666,97.0142500145332,1,0,34,5,1,1069,183,1,4,1,0,1,0,0,0,0,0.0,0.6,0.3,0,1.0,1
16,375.0,139.0443574307614,1,0,63,13,1,142,25,1,3,1,0,0,1,0,0,0,0.0,0.8,0.4,0,1.0,1
32,262.5,33.60107525161235,1,1,25,6,0,1644,309,1,3,0,0,0,1,0,0,0,0.0,0.6,0.3,0,1.0,2
1,175.0,0.0,0,1,19,4,0,725,120,1,2,0,0,0,0,0,0,0,0.8,0.6,0.7,0,1.0,2
